8e1d8f03-0533-49df-a55f-48239f3e8c97,203,Other,182,America/New_York,933,1300
8d1c4c27-17b5-4e6e-a98f-d3f1d702456b,556,Other,65,Asia/Tokyo,400,662
f4c234e5-cccc-4794-a100-2a67c3f25838,867,Other,199,Asia/Yekaterinburg,11,900
9f9a9eff-2a7b-4836-aeeb-9778eb807b89,872,Male,143,America/New_York,454,843
d550c650-47f7-4b0b-bad0-2135deb5f622,569,Male,100,Asia/Jerusalem,462,903
66e9c3f3-54d1-42af-9a4c-b313c4352e4e,527,Other,64,Asia/Krasnoyarsk,995,1138
b527f894-b3c3-4417-a6d1-ce8793194875,527,Female,125,Europe/Prague,499,1435
7447844c-31d8-45be-9905-ee7272be2af9,857,Other,85,Africa/Lagos,379,686
d443a155-28da-483b-bc4f-43aefb7d6223,773,Male,74,Asia/Manila,906,2039
2f002e56-61df-4279-88ca-3510f156a66e,595,Male,53,America/Denver,116,724
6ceda7b7-4a16-4a03-a15d-57646b675b32,561,Other,54,Europe/Berlin,177,1333
5612d1b1-56f6-40e9-be7a-8f6be9aa5693,113,Female,116,America/Grenada,967,2161
4f6292ba-04b3-413e-90be-07713b6562a6,549,Male,58,America/New_York,449,1598
813561e4-ce36-47fe-a060-9cda23a9589a,174,Male,163,Asia/Tashkent,960,2084
bcb7b5dd-b9db-4afd-b293-73edfc1a1a43,746,Other,63,Asia/Seoul,830,2099
557a82ff-28a5-4edf-a5d8-90f5e4bd7704,467,Other,148,Asia/Kolkata,551,1961
c1d7959d-245d-432e-90ad-ade2c9283cdc,363,Female,33,Asia/Yakutsk,36,701
59daeb03-4775-4f04-ba7e-e956cfe056ac,87,Male,54,America/New_York,957,1261
50d892f1-3d38-48ec-bf93-cae0068b83d5,588,Female,42,Europe/London,780,987
bc36f6c6-cdf0-4e6e-b610-d9f57fbe6b86,681,Other,143,Asia/Tokyo,918,2313
21db968d-0f25-4e5b-bea6-2bcec6ba655a,191,Other,42,America/Maceio,144,868
8fcbfc9d-9a78-4da7-a530-5a537e597d31,865,Male,153,Asia/Yangon,590,1628
3a4d0a55-1a78-470f-aa02-ec371232da71,152,Other,42,Asia/Shanghai,154,592
4e59763c-ee7a-411f-a87a-6324350bbe20,171,Other,105,Africa/Kampala,411,974
8b85fb7a-cbf8-4a20-8fcf-692ba9719dc8,113,Female,20,America/Grenada,596,1055
6dec1889-2df5-48c2-8db2-1a0c6667fc9e,920,Female,162,Africa/Kinshasa,87,1382
776b6e94-1f3e-47f0-a3c7-98a71a08b7d1,399,Other,40,Europe/London,956,1364
2dab6b18-a6f4-427c-be1a-6fbe199a74a2,967,Female,133,America/Bogota,453,1242
d8823067-06fa-4d6e-88a9-f7727df8e258,961,Male,169,Australia/Brisbane,923,2023
4efea835-9586-41bd-b6ec-310624dff791,727,Other,22,America/New_York,530,725
e6b9cc67-5121-4d2f-a51a-ebccd1fad36e,900,Other,187,Europe/Warsaw,621,940
aa9e7904-8b38-4528-a6aa-44b4f1c8e3c7,419,Other,80,Asia/Tashkent,863,1829
be11a9b5-912a-4b1a-9292-5869756e3128,644,Other,31,America/Chicago,522,1347
9d424f00-c6d2-4072-8f11-799c1854d9e7,399,Other,123,Africa/Kigali,296,1042
9544329a-9fa7-4976-8d84-d56a1c581734,289,Female,125,Asia/Tokyo,759,1610
ad7a6fdb-3b88-4969-a42c-b3910abc6148,501,Male,66,America/New_York,788,905
02665cac-578d-4758-bf81-3802ff117464,363,Female,27,America/Merida,34,803
6a624930-bc37-4e2e-895d-f3d0c05c1b58,362,Male,183,Europe/Paris,960,1503
00b4292d-11ba-4113-b518-fcb1083af43a,403,Female,155,Asia/Tehran,692,1474
c900cd56-e70a-4c46-99b2-e897e2e15194,906,Male,62,Asia/Kolkata,288,943
bbbcf68d-fc1f-43d6-874d-2451e6816b6a,541,Other,86,Asia/Shanghai,727,1041
dc0b2a3d-ad7b-46c5-818c-4bb1675d7e1e,445,Female,176,Asia/Tokyo,53,639
f83589fb-b30c-430a-aeae-4f40d7d1f149,360,Other,129,Asia/Bishkek,912,1840
4254c6e0-25f7-4723-a686-95708438b72a,824,Male,135,Atlantic/Azores,420,525
319e2b59-16cd-4c5d-ba4c-f8492dc861ee,297,Male,178,Europe/Berlin,884,2090
a2047742-f3ff-4029-bd77-4026388f09ee,469,Male,127,America/Los_Angeles,351,1098
632a7bc8-6797-4656-a24e-760b703cc437,185,Male,99,Asia/Baku,278,1542
363cc014-5182-412f-bdad-434afb0386c9,510,Other,144,America/Chicago,364,1296
1ff8a9d1-c467-47f0-8688-43a0c0fedc0b,647,Female,93,Europe/Berlin,766,1597
82deac7e-c405-4f6c-ae35-0fc1b70ac991,62,Female,122,Asia/Kolkata,456,1799
b5d92f87-92e1-472d-9128-32eb70d23e4b,806,Male,44,Europe/Madrid,781,2257
8a2053a2-559e-4241-a641-9eb106933ab7,369,Male,95,America/Santiago,955,1683
2ebafb8d-c766-43e1-b855-8ed382ae7d45,160,Male,199,America/Los_Angeles,831,2113
e34d9ea4-4d56-459f-aa13-0b187f6446f1,609,Female,173,Asia/Manila,693,1916
f3797c94-b827-427d-af92-045c9792851c,84,Female,162,America/Port-au-Prince,614,1079
8a9b0638-9e8e-4eca-a008-9efb8647e734,476,Female,24,Africa/Abidjan,488,1103
1b2c4520-b1b1-4af9-ab6e-7d9c4a88a55d,58,Female,85,Asia/Dushanbe,411,1605
cade5751-6aae-4e5f-be55-378dfa9c185b,650,Other,139,America/New_York,332,1249
af7930e9-0c69-469f-bf8f-fed1494c502c,713,Other,171,Europe/London,334,1291
cb7217cf-b739-4254-beb3-33d21392e11d,458,Other,192,America/New_York,413,721
987b695c-c7ce-4f4a-b1b0-88b35ade20bc,386,Male,161,Asia/Shanghai,207,409
87326e2f-5e0d-4b71-b383-0be99cd2d043,300,Other,176,Africa/Lagos,70,1006
bd1a7956-2667-43e8-9799-0c84cbfb4850,729,Female,114,America/Chicago,730,1182
d4201e2a-07b3-4981-b42e-14b1165b858a,128,Male,88,Europe/Zurich,828,1436
7321de75-4086-4ec5-8b67-90279cfcf880,243,Other,134,Europe/Rome,255,608
50a7dd69-4fdd-4d2b-a717-51528633e017,154,Male,16,Europe/Prague,902,1171
e58adec3-9fb5-43c3-88f6-355e6bd57ad5,869,Female,178,Asia/Shanghai,259,940
e0f3b8e1-1859-4bb4-8d8e-8edbe82a6e5b,791,Other,133,America/New_York,550,982
3a7f523e-0723-440c-a944-48f30a184eef,264,Other,82,Asia/Kolkata,89,1159
ac4793dc-e606-4678-9766-0b6d2156a312,537,Other,65,Asia/Shanghai,355,537
0146f00b-70bf-44bd-b0dd-f45397fe1b66,548,Female,97,America/Los_Angeles,185,480
8b6dd5ab-7a4e-4012-b4ee-1d6fe37f638a,55,Other,145,America/Sao_Paulo,664,2081
8ce5d272-52dd-4da7-8d02-62cce9affc4e,747,Other,166,America/Port-au-Prince,838,1239
0c88dfab-4196-46a1-b5e8-073822f22cd5,644,Female,128,America/New_York,341,767
348c6793-d405-4dae-9c03-251c5fc47973,111,Female,130,Asia/Shanghai,739,1122
d50c0734-d361-432c-9369-f6a66cb30221,58,Other,139,Asia/Kolkata,548,1761
0686bb73-48a1-4f38-be45-374233292586,318,Female,64,America/New_York,50,245
f3b18eab-0097-4cd3-be40-b95923432bd3,204,Male,89,America/Sao_Paulo,350,470
0bee2414-5ef6-46c5-b6b4-d7cf4e0bf92d,561,Other,158,America/Mexico_City,892,1062
28d9c0ec-6c4b-4849-b4b5-4d0ab0bbf13e,66,Other,65,Europe/Lisbon,138,985
16bd6f52-4de9-4fee-a095-cdac765abd42,696,Other,49,Asia/Jakarta,527,1699
76559b00-7fc0-4eb0-96e7-779b08693a72,663,Other,91,Europe/London,989,1483
378d83fa-4957-4362-ae80-8a1263aa299f,179,Other,70,America/Managua,23,300
cdef0ebc-017e-4d2e-8b30-bbfde5b54959,76,Female,166,Asia/Jakarta,248,979
cc9563af-a18b-4f07-a8b8-efd0da560150,592,Other,170,Asia/Shanghai,351,1589
bc7d90a0-acfc-4551-b11f-60039f5df08d,166,Male,177,Australia/Sydney,77,1132
f857401c-b1fd-4fe3-9992-43e5aa95d2fb,913,Female,93,America/Port-au-Prince,611,1131
566fbf43-ddac-4de5-a215-948786a72fda,489,Other,151,Africa/Algiers,411,1029
8d2341e2-c3f2-4b44-8a61-626b8904767c,968,Female,17,Asia/Kolkata,795,941
8e433841-c7f1-4263-b99f-b8e06e0f2646,732,Male,164,Asia/Shanghai,767,1952
e2b4c039-ced0-4813-bfcf-43eadabde533,582,Other,156,Europe/Madrid,750,988
0b23811a-5988-41ff-bdde-630aff07dc91,589,Other,50,Africa/Algiers,914,1025
9d74763e-de17-4302-9c44-f3cecee8cda6,594,Other,23,America/Chicago,165,378
cd4ebe56-bf65-47c7-b060-28cacc9a8c8b,821,Male,125,Africa/Lubumbashi,90,809
2acfe945-bb83-4069-8c4d-b0a972b2a172,523,Male,164,Europe/Berlin,269,1611
2690fa31-a9c6-4618-9e9d-9f0b6e7ee67f,951,Other,43,Asia/Karachi,719,2178
8dac0314-93dc-4883-8227-deea1b9cb0dc,985,Other,154,America/Chicago,872,1858
8ee1a53a-9804-421e-8fe1-39f72868f365,947,Female,45,Asia/Karachi,1000,2419
f6cd9eba-28a3-4908-a557-53498d7afb27,866,Male,167,Asia/Kolkata,356,1731
fcc633f4-1cac-47a8-b247-69b1bdf22c2b,251,Other,23,Asia/Jerusalem,172,968
3a832b8c-c3b4-4906-bc5e-aaf85a097af6,666,Other,189,America/New_York,476,1745
fb23f424-c975-4340-9385-e0470c4dd667,324,Other,118,Africa/Dar_es_Salaam,842,1233
baee9dbb-8c9e-4c5a-acf4-2f0539c64e5e,431,Other,162,Europe/Berlin,576,1687
37c0f532-83d2-4bc0-83b7-a803dae3561c,658,Male,123,Africa/Freetown,656,1031
81a5e624-fb0f-41b8-9d47-e20e97856fa8,176,Other,67,Europe/Rome,450,1266
a8aec87f-e97d-4a77-b58c-a420998d9d1a,773,Male,53,Asia/Dili,858,1564
74fadf60-0122-4cf9-b264-6b842048ff99,64,Female,19,Asia/Makassar,533,1408
471c2a42-14f0-4653-9864-2ff27d595013,720,Female,23,Europe/Moscow,635,977
5abcbb5e-fca7-4940-94c8-27d639d3e87f,215,Female,20,Europe/Amsterdam,222,549
db111eeb-3ab0-4a23-80ef-1d77a11a08f7,194,Male,177,America/Chicago,699,1317
f1d153e8-0cf0-4adb-92ed-4695b5b895fb,218,Other,136,America/Mexico_City,784,1238
3aa8744b-e2e1-4757-8ca5-6da47df56eee,920,Male,148,Europe/Moscow,655,848
cbc2c4a7-fb79-4292-84ed-1dcc9cc8854c,90,Male,86,America/New_York,863,1413
f23d10a6-edbd-4c74-a142-1e348aa3093c,231,Other,64,Europe/Minsk,907,1173
661cdfb9-c391-4b6c-86e5-0b6265bd7b9e,403,Female,44,America/New_York,306,978
dabac7bc-b034-4b6e-bd27-982587a479ee,997,Male,185,Africa/Johannesburg,992,2434
b37b549f-9786-41f0-a4dc-768b546b0a3b,728,Female,51,Asia/Kolkata,932,1037
35a2ce54-96a7-4ff3-884c-6bdd1287af1e,915,Other,84,Africa/Lagos,994,1767
1fe64b91-d20b-4162-afdc-43a57b92cbc9,841,Other,39,America/Halifax,382,882
237abbc6-56a6-45fc-a3a3-455de71653ea,315,Female,166,Asia/Kolkata,299,703
710f749f-6701-42bd-b976-5a1d7e9c6de9,374,Female,62,America/New_York,340,1637
1f17402f-1c94-48b1-88e9-cec586ce05de,256,Other,111,Asia/Shanghai,363,1161
9b824d95-66b7-43b0-be55-e9a0932e77e4,563,Male,200,Europe/London,816,2146
c2d5bfa6-1b41-4060-abdb-90c517335bfc,198,Male,144,Africa/Douala,81,207
97256a50-a293-4051-9958-72a058fb9038,719,Female,192,America/El_Salvador,732,1057
5bdf85e6-0f5b-47dd-81aa-17ac6e987a4c,661,Female,188,Europe/Lisbon,737,950
e92498db-f0a5-4888-826a-8aa63a3114b3,938,Female,131,Europe/Vilnius,152,1615
abd74c9b-6acc-44bc-861a-eeb8925934d4,937,Other,59,Europe/Lisbon,980,1436
dc6adde7-8f21-4778-aabb-9c538a110538,438,Female,70,Asia/Kolkata,762,2096
451f43a2-320d-437b-adf3-c3fae7cc4962,882,Female,156,Europe/Rome,629,2102
7d996c09-89f0-4e85-87dd-26eabe3b3ece,977,Female,100,Asia/Jakarta,190,869
b178ab23-3499-49b2-9dfe-abdd8c0e11fb,356,Other,96,Asia/Makassar,995,1430
76da8c0b-0b94-4007-8a18-cfd35516e3f1,473,Female,199,America/Argentina/Buenos_Aires,5,291
2a0ff958-d41d-4519-82fd-1d1dd4e22138,321,Female,175,Europe/Amsterdam,839,1664
83d1578d-e943-42a2-9157-fc3e5dfa2b82,372,Female,158,Europe/Paris,814,2020
3ba6c70c-c644-4d7d-a0c1-6c53bc3eda4c,918,Other,56,America/Puerto_Rico,429,1764
963b547c-415b-4a20-8147-41b89e0c15e6,632,Female,157,Asia/Shanghai,539,1131
090e2420-cfaa-4c2a-b183-df48682495ca,864,Other,44,America/Grenada,348,1363
ae7a3754-cd63-4e39-92ad-0974b8d81042,913,Female,130,America/Denver,904,1621
c3e25c1a-62d6-497a-a672-40c5059f86f3,743,Other,17,Asia/Yekaterinburg,165,734
c99f8c84-536a-44b4-9a6c-003e6f03167e,973,Male,16,Africa/Algiers,384,1377
33590211-3ece-4731-a5fa-4ca8c39c9ab7,595,Other,63,America/Bogota,305,1765
6c907741-41bf-4a51-8fce-61a74f86ea1b,705,Male,122,Africa/Kampala,741,1180
155ff5b2-c95f-40b9-8646-177e610bcaba,846,Female,149,Europe/Madrid,260,1377
d79b2139-5733-4664-8a2b-4c7ad7da4325,449,Female,30,America/Chicago,121,634
193ef7c2-ec76-4794-a6db-a8f4c503b541,730,Female,91,Europe/Madrid,215,1328
b26d9c31-095a-403c-b04a-2361e6fdfd0c,419,Male,34,Europe/Rome,533,1419
e830830b-3a11-45dc-9174-32be8b913c56,67,Male,154,Asia/Shanghai,611,932
a999873a-eec1-4a16-8980-048ffe4358d0,481,Male,176,Asia/Shanghai,347,1137
3964c9e5-cc44-4626-9cfa-3071ce73b372,696,Other,37,Europe/Berlin,145,403
88b89ac9-ee3e-4ce8-90f5-3c7bc6448376,865,Female,78,Australia/Melbourne,873,1145
cc0aa28c-b729-4ec0-8243-839785fa25bb,775,Other,89,Europe/London,662,1581
effaca45-093f-4c27-aa9c-ef71f18a05a9,433,Female,30,America/Los_Angeles,860,1495
ab818cb8-555a-43df-b229-8555ea644feb,220,Male,124,Asia/Manila,522,1389
13b2cb54-2bce-4463-a6a8-37e55f09eeb5,228,Other,27,America/New_York,452,780
b899b959-1c9a-4095-972e-38831bbbfa46,782,Male,195,America/New_York,146,570
34f0cdcd-e3fe-4b37-a3f7-37ce4cca9b41,302,Male,19,Africa/Dar_es_Salaam,268,1167
7e2276e0-1d20-4832-a81a-2acd771f5bdb,415,Male,131,Africa/Maputo,567,920
5d0f9eb2-7888-415b-ab13-84bd8179788d,148,Male,64,America/Chicago,114,856
2e169cfd-2e73-4771-a171-6fbe8c1dd9c4,933,Female,151,Asia/Kolkata,966,1515
d6b861e3-0bf9-4910-9cb3-5256f0550e8b,568,Female,68,Asia/Tokyo,915,1677
abe03367-8a6f-44f4-abd9-8d3e7d74921b,873,Male,116,Asia/Shanghai,140,1492
8d94130f-34fa-4468-b2ad-c686d9910ac2,291,Female,100,America/Lima,956,1081
5add2afd-bdab-4f32-9b01-127d9f45facf,981,Female,157,Asia/Shanghai,536,1127
78b9ba7c-ffbc-4501-ab1d-ce0b185fcc2b,990,Female,23,Asia/Kolkata,894,1798
32093ee3-a686-433a-931b-8011c301c4c2,406,Female,125,America/Toronto,68,1233
7d9161d2-1bab-4f8f-9c78-9c8abecb1998,200,Male,171,Asia/Manila,344,744
6bccb952-33d7-49ae-a2b8-00994ce34ad0,950,Female,91,America/Denver,713,1243
d0f1ef8b-a92b-4661-ba8b-4e48588b76b8,859,Other,25,Asia/Manila,520,1008
9969a38f-69e5-48ab-905d-034358a0d09b,923,Male,16,America/New_York,258,1020
878eef17-54c9-45d2-ad98-b56cf7b73a55,706,Other,33,Europe/London,146,951
33c18d45-cda4-48fa-8940-47db0afda730,235,Other,23,Europe/Berlin,977,2394
07eb3ecf-1393-434d-bee7-7d3b2a93f1e2,772,Male,138,Europe/Prague,254,1667
82fb1811-3f24-49cf-9790-eea5689fb553,960,Female,61,Europe/Brussels,141,1317
8e946538-5002-4778-bad9-3d7df4790ba5,635,Other,140,America/Sao_Paulo,492,1412
5c0befcb-9ac1-4ef6-b5c7-b7a96aab002d,523,Other,125,America/Menominee,902,1267
45ccacef-8715-473f-b288-0b2085869ada,516,Male,126,America/New_York,620,1828
be25c064-351b-49d2-ad48-d3013b78d805,868,Female,108,Europe/Podgorica,298,547
5580d996-32f1-404f-8b02-fdca97c99a6f,706,Male,95,Europe/Berlin,868,1139
73196f33-8de0-4f14-b797-83f12019c38a,669,Male,78,Europe/Paris,561,1507
b00d5c04-3e46-4447-802a-820622f1edbd,333,Other,164,America/Chicago,599,1670
e53a4ee7-1b42-4780-b429-6aa39e749049,352,Female,149,Asia/Shanghai,265,1054
ece08d0f-ebff-407a-a587-489f074be8f1,802,Female,149,America/New_York,788,1048
8110b4f2-09ae-4baf-b4c1-48a7d6018174,103,Female,179,America/New_York,315,675
9e44c629-64e2-4a47-8bd5-709b149b5350,911,Female,162,America/Lima,372,577
45751545-17c5-4e48-8b69-dd4beb2d0d05,545,Other,178,Asia/Seoul,555,1696
d8f90653-0b32-4aff-b9ef-8f2ea0af56da,170,Female,76,Europe/Berlin,270,975
48114353-6e23-4b94-9961-d50692034bf1,604,Other,183,Asia/Tehran,95,1297
98a76f62-9a15-4937-a117-6ed9a302c801,554,Female,140,America/Cuiaba,548,703
e0e29da8-5ea1-48f3-a61d-7e24412f2020,463,Male,173,Asia/Jakarta,455,1337
2ccf0b0a-949b-459b-88c8-7d558e590f81,675,Other,114,America/Chicago,59,1187
07a1c662-071e-4783-b0fd-97adff200d0e,729,Female,96,America/Chicago,475,845
0f821c73-bab1-4ecd-8e5b-50a63a37b480,442,Other,92,America/Los_Angeles,559,1696
168ffa55-0a1a-4438-bd0d-e9c0361e3432,130,Other,187,Europe/Madrid,772,1859
63905e7a-c04e-4503-a2e1-9afd52c9ae5e,537,Other,93,Asia/Jakarta,756,1185
468fcf18-a254-496a-b8d4-5ee677ee9643,104,Male,96,Europe/Chisinau,761,1327
273c6a56-d8d9-42c2-9764-773691964a53,199,Male,131,Asia/Jakarta,315,729
5cb675f8-b166-4209-a830-1ddfde0a2696,265,Female,147,Asia/Kolkata,861,1738
d55515fe-cccd-4d60-8fb5-61d603d8de4a,326,Other,124,America/Bogota,631,1891
a6794257-3c65-46af-afb5-a1914891b4b0,400,Male,75,Europe/Berlin,444,1409
61f4ef7f-f43a-4e1e-9407-5a3b3d865f9d,803,Other,185,Europe/Paris,712,989
90132362-061e-4f9a-9338-caf9eab49df0,382,Male,33,America/Los_Angeles,222,735
540b87eb-5753-4f30-9454-5009c4f690b0,257,Other,143,Asia/Kolkata,582,2032
839ee771-b902-48bf-b81e-016cf163fbe7,215,Female,146,Africa/Casablanca,689,1124
6c668553-d28f-44f8-a544-82e72ff074bd,989,Female,22,Indian/Antananarivo,498,1022
1711a9f0-f48c-4380-9c52-6734340789ef,141,Male,16,Asia/Kolkata,706,1173
13fc4ef2-0330-4281-9e0b-cbb1a65f72fc,491,Other,26,Asia/Kolkata,835,1066
c00eed97-f6b2-4e63-a483-264850260046,280,Other,192,Africa/Algiers,643,1016
6406584a-12a6-456b-b4dc-af09c5837283,942,Other,66,Asia/Jakarta,580,1234
b380e94f-475c-4e59-bdce-0a73315186d4,228,Male,114,Europe/Moscow,661,894
88431493-6893-46b8-b233-f9ee977ca871,241,Male,28,America/Sao_Paulo,976,1256
4cec4051-3a65-41ec-b9aa-53a14cecdc3a,956,Male,103,America/Phoenix,789,1311
1b807097-76e5-46c6-90a5-457ca49438c4,954,Other,82,America/Sao_Paulo,728,2051
db5bdd59-fbf6-4407-91e7-856fef71709b,249,Male,47,Africa/Lagos,452,1574
df1f0c4f-65d0-4bd7-b2a9-d787905ba70a,667,Other,76,Asia/Vladivostok,771,1371
3387dc2b-220e-461a-b2ff-129698663c7a,703,Male,198,America/Los_Angeles,346,1342
29bb37e5-1b43-4819-8c34-4c0404479551,410,Other,168,America/Santiago,88,1228
caf58de4-b908-4d4b-b648-c0cb6a4b310b,580,Male,100,America/Los_Angeles,324,764
32c1525b-2ce3-4bd7-be37-596a61ad3e16,511,Female,36,America/Los_Angeles,112,882
4d076f07-3bc4-46fe-a119-68396df64982,737,Other,189,Europe/Rome,438,1354
adb34e16-8131-484b-8046-2c6226d0d70c,640,Male,189,Asia/Damascus,114,401
b436fe43-6d50-47d2-a582-815aaf3542a7,787,Female,20,America/Costa_Rica,29,1402
88f0f202-cb12-407a-99d9-13bb48a030aa,265,Male,153,Asia/Almaty,449,1388
19dbac80-ad06-48a7-b543-4d349b15bf60,522,Female,44,America/New_York,170,1663
c6ddb48d-b541-40f1-ba83-826e7cdfc850,878,Male,110,Africa/Monrovia,565,1880
d09491fd-8d73-4838-bcac-f20db712a8f8,446,Male,113,Asia/Kolkata,843,2151
77cf1916-6e4a-4ecd-989a-4c826cbe38ec,654,Other,91,America/El_Salvador,230,1280
fae52687-70c1-41d3-b2a9-81dae6b2edae,233,Male,76,Europe/Moscow,393,669
aac7f409-9de9-41a4-b655-ef06417bfee7,894,Male,190,Europe/Berlin,758,1709
1db315fe-1f5b-417d-a54f-0221b7bd247d,276,Female,62,Asia/Kolkata,16,1028
713a0d60-edfa-43a7-827d-48e6662be41f,429,Other,91,America/Los_Angeles,463,1701
051dad44-f312-4e38-a0b6-ef0eab333414,522,Female,146,America/Los_Angeles,210,1396
889521da-024f-4672-8c94-52a6c52e0996,630,Female,112,Europe/Skopje,2,440
f1cba891-36d8-49c3-862b-69041fc82159,533,Female,134,Asia/Shanghai,786,1872
00dfb0e1-8cb4-413b-956b-8f112d5a9d69,957,Male,37,America/Los_Angeles,288,1120
680f77f9-2ef4-46ba-bfb0-ac74085320a7,398,Male,47,Europe/Sofia,164,704
5396342e-72fd-466a-b192-48bf1577b78a,587,Female,46,America/New_York,288,1374
5cdf2fb0-f6e1-4d37-8165-5121962b9464,84,Male,76,Africa/Gaborone,645,1449
5ae3b042-9735-4a23-844e-84e14948186f,751,Female,134,Europe/London,677,1753
a14eae44-8df2-42a6-b083-c71fb802a0d8,814,Male,149,Australia/Melbourne,752,1677
d2c1af24-a732-4119-b095-3bc78eba7ef1,694,Male,15,America/Mexico_City,922,2268
5942e2f7-4afe-4ca9-b804-a68257d915cd,951,Male,57,America/Chicago,231,1580
b8b96410-16cd-48ba-9439-0b44985927e7,807,Female,181,Asia/Kolkata,821,1215
52be4029-9a15-44eb-82d0-ff08bce59e27,218,Female,180,America/Santiago,651,1924
2bd97a86-9169-42d9-8b8c-521ff27ade17,420,Other,140,America/Toronto,677,1057
098731c7-7e17-4c87-bc1a-148515fe66aa,269,Other,118,Asia/Tokyo,381,1558
7a504765-4183-479f-80bf-13ba4cd272ca,360,Female,79,Europe/Paris,94,854
5b5337e1-d61f-4b07-88f9-0ce885396832,315,Other,163,America/New_York,315,1009
d9688af6-2a27-44b3-a6c7-43744915e6e2,915,Other,193,America/Sao_Paulo,152,905
a2d37ec7-2806-4d5a-b3ce-d4ba919bf6b4,988,Female,85,Asia/Shanghai,188,312
c071d4b9-2763-45ff-b1f7-e4784aa1db6a,871,Other,131,Europe/Rome,915,1137
e705210e-0959-4a12-a7be-6cfc6ff88848,869,Male,45,Asia/Tokyo,599,1874
f86980f0-4d4f-41dc-a1fe-f2a12ae160d2,807,Male,128,America/Chicago,873,2027
5b89a05d-bff2-4697-bf49-2ad375082651,153,Female,144,Europe/Madrid,192,1070
34204d5d-1b23-4c80-afb2-4f9a30d13c23,415,Male,63,America/Toronto,165,1332
e05d44fc-e018-40c4-8cd5-66b142d77b5e,916,Other,186,America/Havana,59,222
b1026243-69d1-432f-9541-f062aa2442d5,657,Male,98,Europe/Berlin,530,1401
684e3fa2-a27d-471f-9212-f58c235544eb,250,Female,102,Europe/Berlin,674,964
8eb422cd-ba63-460b-8124-7e104cad2844,213,Female,193,Asia/Karachi,799,1636
bd5db8bc-00f7-457e-9151-dd1bcd685448,534,Female,110,America/Sao_Paulo,191,1224
2e75da0d-01fc-4683-b3a2-c6fb75eb1c12,90,Other,38,Europe/Paris,226,953
5cdd5f93-56c7-4fae-83bf-d135a9caced8,295,Other,194,Asia/Tokyo,69,729
b2953b79-7f44-4e19-a9e6-d8e30d56838c,545,Female,76,Europe/Berlin,246,1496
78a490ba-3ded-4e66-9918-54bc3f00ddbb,585,Other,105,America/Chicago,293,1562
f3b893a3-ffbc-4b40-b8c6-4d6d1f8bf530,168,Male,88,Africa/Dar_es_Salaam,55,536
e501ab04-573e-45ad-bde8-a5edd2484037,99,Other,97,America/New_York,446,911
ff54e63f-0e7b-488e-a94b-29433681d077,130,Male,180,Europe/London,466,755
518136a2-5533-49a6-8c4c-6c0d5cd4d2e9,964,Male,152,Asia/Kuala_Lumpur,146,646
02459e9c-52bc-402a-9b90-5e219eb0f7bc,163,Female,174,Europe/Zaporozhye,265,1386
0b6a838c-bea7-4778-8d27-7c56aeb84812,637,Other,189,America/Los_Angeles,630,2049
43570e3d-76a7-4436-b92c-2ed9f18eed44,518,Other,174,Europe/Belgrade,860,1623
32e154a4-365d-4f84-9ae9-5cf416a0b641,940,Female,38,Europe/Paris,878,1452
26f60f13-51c9-46cf-8e03-fcf0810ade72,610,Male,30,America/New_York,669,1999
7f6da469-382e-4e02-b552-70c8a4644522,760,Other,199,Africa/Douala,968,2023
94047e9a-da1a-4c08-8b76-851b5ade395c,487,Male,179,Asia/Shanghai,214,380
6cecab10-3bb9-4275-b3c5-2bfa03ecf031,867,Male,67,America/Argentina/Buenos_Aires,43,1405
f696be16-1f71-4cf2-8eb2-bc3a0954a232,557,Male,157,Europe/Berlin,179,558
5201b835-dfe4-444b-95b2-4299e7819c8c,790,Male,116,America/New_York,63,1357
f365b794-f47f-4c17-898b-2060f9eb058a,431,Male,163,Europe/Prague,244,827
9e0b2bae-1648-4c1d-a0bd-fece142a9234,480,Female,24,Asia/Karachi,320,1309
72153aee-4b43-4383-9d04-3c74642570cb,362,Male,40,Europe/Moscow,113,916
5a6181b7-5e72-4d8d-88a0-5476e28af6ce,425,Male,182,Asia/Karachi,325,1473
96d75d39-6e54-43dd-9798-bc22617552ac,709,Female,171,Asia/Tokyo,423,1217
0d112031-cfb1-41ea-b8e1-24ea9719a5a1,356,Female,28,Africa/Kampala,891,2152
00604a0e-9784-45dd-9e76-51f8891dd456,993,Female,191,America/Glace_Bay,374,1121
63b05706-ed99-42bd-9257-f5e5177a55e1,469,Female,115,Asia/Shanghai,218,1408
9d11c9b0-2c7c-4230-8587-638f157eb4ee,835,Other,107,Europe/Rome,90,396
38ac514f-1ac5-4d5d-9e4b-eed61d3cc451,836,Other,179,America/New_York,237,584
fccfdd1b-b65a-49ce-a893-ee3d3669dc6a,109,Male,68,America/Sao_Paulo,419,1549
104c5104-ef39-4441-b224-67ad69d2900a,967,Male,35,America/Chicago,45,666
4e9e024e-5de6-493f-884a-e7f194355b46,447,Other,161,Asia/Qyzylorda,421,1575
c5521b56-fc63-4d7d-9e4e-4ea2e21671b1,678,Other,175,America/New_York,814,1927
8500b195-3312-4fb0-b5db-f9ca8811f644,590,Other,15,Africa/Freetown,853,1756
da6cda31-c742-4226-ae9d-5d0ce61ab6cc,726,Female,22,Europe/Paris,800,1445
6767fa81-6e10-4f5c-ba16-013572ad89bd,819,Male,59,America/Chicago,911,2057
60097347-d46d-45f2-a96d-a2ce648ef731,666,Other,41,Europe/Dublin,537,1204
37e453e7-9788-4462-8828-0dc4e32be009,861,Female,80,Asia/Kuala_Lumpur,54,1454
6117bd2b-d368-4b19-854f-a2afd11269eb,736,Female,56,Europe/London,185,518
f72003dd-087a-49b5-80eb-2861b89cde55,893,Female,95,Europe/Moscow,852,1874
41e35e61-9123-47ec-a839-2a1af8caf4b3,457,Male,45,America/Mazatlan,955,1507
6c977b37-1dbb-456c-b154-a67f25ef6f71,740,Female,80,America/New_York,579,738
e811a375-8650-4c4f-a99d-eef711c294ad,734,Female,41,Asia/Shanghai,244,595
e39d6456-8311-4209-84ae-97801b9caf0b,97,Female,18,Asia/Bangkok,463,1699
f7aae2a2-9799-49ff-aa33-23f9377bc0b3,668,Female,175,Europe/Paris,151,399
f391fab6-8f4b-4172-be23-9bcaa1ff1472,975,Other,20,Europe/Sofia,210,1437
3ad0722b-83a5-4936-8ec2-372b2cf7778e,348,Female,116,Europe/Paris,17,584
96b85cf6-b74c-40ef-af84-a9a471f53a01,316,Female,40,Europe/London,572,1821
2c58dd02-e630-424a-883e-4a27e4640c53,382,Female,94,Europe/Moscow,275,893
ae19c66d-8bb4-4499-86cd-b6942e9dd714,886,Other,154,Europe/Prague,583,970
4e77a615-3fd7-4dfd-bc52-068be61fff87,802,Male,82,Europe/Amsterdam,84,471
92740015-9c3f-4beb-b0e6-40c26ba3dca6,169,Male,15,America/Sao_Paulo,183,1405
d332d62b-5f95-4b1d-af76-3614c048eddd,252,Other,172,Asia/Vladivostok,834,1043
d36eee5d-003c-42fc-91a0-10c663d0cca9,876,Male,176,Asia/Jakarta,641,1340
1cfaf15d-bf02-4a90-8374-e190e6eeeb65,677,Other,154,America/New_York,87,510
6ce9957b-a739-451a-a6d5-eed8fb48c919,889,Female,176,Africa/Monrovia,7,356
06ab0e5b-3d79-4d11-a9a9-041a98de4d82,468,Female,29,Asia/Bangkok,965,1495
c040d448-1f29-4bc6-a2b1-fcc292b18d60,220,Other,114,Africa/Dar_es_Salaam,704,1214
2a2e1c72-c5ce-4769-9b84-ae4c9d1b016c,653,Male,38,America/New_York,456,1222
cf11b03c-a7ce-4552-90af-9e46a1adb97e,383,Other,100,Asia/Kolkata,849,1808
f48144fd-b91a-45fc-8779-fd1b3c16fd22,767,Female,106,Europe/London,882,2136
a6448672-63bc-41c6-8a5b-c7af0778e966,802,Other,110,Europe/Prague,630,1794
f3a086d0-8566-4067-8c5b-b683c38601e3,802,Female,142,Europe/Berlin,54,539
7234e23d-b319-4361-abae-12e0522fac54,112,Male,168,America/New_York,121,304
6a4fda60-b227-4a08-861c-77a71d606a65,871,Male,100,Africa/Douala,105,305
80ed6edb-5e7f-4a32-9a83-17671d898e06,569,Female,170,America/Los_Angeles,352,1041
c7b25809-ffa6-4e6a-be59-a9782dced7b9,926,Other,50,Asia/Almaty,4,471
d87158ff-5759-4eec-baaf-ffe532886197,240,Female,174,Europe/London,733,1848
411eae81-4e0b-49d4-a026-a5c831820d02,556,Female,94,Europe/Istanbul,635,1540
38a1bfdf-648e-43f3-8299-f706bc1b4272,831,Male,35,Europe/Amsterdam,450,1744
1468de2e-63f7-4a8b-99d2-7a563e874427,624,Female,94,Europe/London,114,1177
5260414e-fb99-42a4-bfee-a84303e8204b,792,Male,40,America/Cuiaba,141,294
c24dd05d-976f-49fc-a681-97f7f48d6d89,213,Male,43,Asia/Manila,640,1884
36d0278e-6e70-4560-b388-2b232a7fb31b,59,Other,94,America/Mexico_City,911,2172
fbc416bd-7e36-4d49-9f8a-f78dc4b1be76,474,Female,88,America/Chicago,324,638
85b1145e-2902-4a60-be39-12aa818a844f,646,Other,95,Asia/Kolkata,669,1268
374c562b-ad88-4351-8e9a-e1a87b24f70a,108,Other,123,Europe/London,6,1013
f2acdcfc-56d2-426d-9423-9ad58fd207d0,606,Male,16,Asia/Kolkata,997,1395
0882c143-a1fe-40a5-94ac-54cb9f3050b8,128,Female,39,Asia/Kolkata,953,1731
9c46b14b-362b-4dbb-a70c-5f45b49e48b9,180,Female,43,Europe/Paris,697,1888
d98f5835-2cbb-4a32-a32e-ca9d19135cda,754,Female,101,Asia/Riyadh,785,1947
508a7082-32a2-460f-bc65-47edc6bf429d,630,Other,32,America/Chicago,200,315
8202e3e5-1b29-4094-8dcb-9d55e1130882,564,Female,77,Africa/Bamako,344,1302
1561e962-53d9-4c4b-86a1-d5543357b241,569,Female,31,Africa/Mogadishu,495,1887
aa568976-f9f7-48fc-9886-32158d85071a,746,Male,23,America/Los_Angeles,579,1339
2b4cee01-c0a4-4cfd-9bc6-7214bc9cedfe,64,Male,154,Europe/Brussels,534,1481
137adcda-e835-4421-b4ed-6aca7629db93,954,Male,187,America/Tegucigalpa,105,1272
e7235363-3e37-42ec-8375-63d886bb86cf,485,Other,104,Europe/London,875,1402
37ce7413-eef0-40bc-ae83-95ab14e388e8,592,Female,147,America/Port-au-Prince,274,968
b6c49403-eb9a-4f07-a8aa-a70560032aea,498,Female,23,Europe/London,546,1758
294046cb-4d9a-4e75-b943-49349e9cade4,516,Female,132,Asia/Shanghai,931,1552
f84e38e9-bcd7-4178-af5f-8abf45358311,970,Male,95,Asia/Kolkata,749,1080
06c7c890-d97e-4a7c-9b08-14091cc7b97b,870,Other,131,Asia/Kolkata,565,1060
c030568f-b9db-458f-b4e5-ca4ebd0b73da,445,Male,39,Africa/Windhoek,834,1803
97db534f-1cbb-4ca4-b683-67e2d5a9dfc6,260,Other,144,America/Chicago,222,1660
81f45d3d-dd18-427f-98fa-6423a56cedee,119,Female,189,Europe/London,277,1394
5288f56a-4218-41f0-a7c9-314e9945d5b3,980,Female,155,Europe/London,52,685
4c30a217-4aef-4f50-9328-aae33a01eacf,528,Female,135,Asia/Kolkata,204,735
58bbd12b-f03d-45be-87d8-a82d76947ae3,626,Other,77,America/Sao_Paulo,63,266
433c1245-b551-40f4-a469-c9e100e35dcb,305,Female,48,America/Bogota,742,1153
e561beea-b032-4102-a9cf-5478a8a7f4f7,94,Male,151,Asia/Dili,434,1761
9e636267-a633-4fbf-a10d-4056c442d3f6,255,Male,115,Europe/Amsterdam,57,881
3f61ca36-75ed-4a4c-aefb-385c09dca09b,99,Female,18,America/New_York,275,884
77cca273-c19a-4dbd-a113-955ee24162c6,156,Male,114,Europe/London,999,1177
9ea607d6-e53b-4af7-9bb9-335a1e43101c,182,Other,133,Asia/Yekaterinburg,656,1465
b6d4115a-aa71-4354-b115-124fe5d81d07,841,Other,81,America/Los_Angeles,215,339
44a33c3e-5da0-472e-a052-d5f70ddc79d9,212,Female,77,Asia/Shanghai,474,1524
40880c55-1dae-483d-b9c3-70065d07b389,751,Other,118,America/Sao_Paulo,541,1755
81e963e1-124d-4ba0-af79-d5ad86da110f,202,Other,47,Europe/Madrid,583,1834
080ae718-b2e5-4474-91a1-a947d1505994,283,Female,41,Europe/Rome,509,1476
7fc4ad7e-d1e2-486a-8cc2-5ff3ca58e0ec,815,Other,133,America/New_York,936,1496
99b680a5-c239-47f4-9773-422cd8feb15b,834,Other,48,Europe/Berlin,160,1188
175e2e56-fb1f-414c-9b43-559b2747f6e9,666,Male,71,Europe/Brussels,8,1367
9b8ea7cf-46eb-4906-a79d-ea7e25dd925e,917,Other,179,Europe/Moscow,121,1378
f2a43e74-160e-4ce7-80b6-339274b91b55,971,Female,38,Europe/Madrid,92,285
e42f5d06-c332-4b1b-a025-06177150ad57,446,Other,126,America/New_York,16,1449
757ae002-1016-4fc7-b119-97d44871d135,290,Male,20,Asia/Kolkata,807,1515
d2bc4f4c-f333-4730-81ae-2375343fb9a0,534,Female,113,America/Merida,442,1551
8c88e401-3e44-4327-8021-4fa6fb6107cf,157,Male,40,America/Los_Angeles,694,1779
097a056a-9e73-4678-b373-615932e06a15,632,Other,164,Europe/Moscow,24,235
bc556c77-ca70-4d6d-8598-483f31078c6c,569,Male,200,Asia/Kolkata,755,2123
5eec66be-f0f4-4414-aa0d-dcc10eb57d92,73,Male,85,America/Chicago,716,1870
e2113c6e-c30e-4f43-9ad5-ed5864ecaaba,503,Male,16,Asia/Shanghai,643,1584
bbfb043d-4ac8-45fe-85e1-0543607b1806,145,Other,40,Africa/Addis_Ababa,895,2070
b69a8e25-7346-44e9-81e3-f39aead3f581,543,Male,99,America/Bogota,587,772
c0d27a8c-e558-457e-bae2-86cacd6b63c8,524,Male,160,Europe/Madrid,175,1143
f71c34d2-744d-4c4e-8c07-9d45fcaca130,384,Other,139,America/Toronto,418,1456
eaa68000-eb06-43f3-a364-1b0d864a3a04,176,Female,27,Europe/Berlin,735,1637
8f3f946b-1b92-4a6a-8faf-f13a57f2fde2,357,Male,22,Europe/Prague,500,647
f2567cd4-cdfa-431e-a9fe-68b416682676,904,Female,115,Europe/Madrid,74,531
d890bf05-f5d5-452b-9585-3e9a83807cd1,76,Male,187,America/Los_Angeles,169,805
68fc5dab-c0c2-4c6a-8a27-12c50f569229,564,Female,41,Africa/Conakry,455,1248
7a011f6b-d8a9-41dd-9100-0fced01cef6e,901,Male,159,America/Sao_Paulo,300,912
ee7f69b5-ddeb-46c3-a567-f852841e1ab1,621,Female,145,Africa/Lubumbashi,3,1356
b8f7d4f9-8275-47b5-8b43-3f9632fe51e1,784,Male,32,Europe/Amsterdam,818,1782
4209ecd5-81d1-4f3c-a402-fe52046b4696,889,Male,152,Europe/Moscow,743,1110
1ddea7bf-0dda-48f8-b43f-e19f4476273d,285,Other,94,Asia/Tokyo,621,1484
5ba3ba58-89dd-4c09-8320-c34ac8d65cf9,255,Other,34,Africa/Lagos,389,601
abd59ccc-b269-4bfc-ac3a-5963b81023ac,960,Other,58,Europe/Moscow,228,473
b1b3ccea-2c17-4f67-97dd-16e169bf10ce,139,Male,65,Europe/Paris,49,914
bed91ec0-b54f-44e2-ae4d-82a9ac4e346d,716,Other,195,Europe/London,181,1647
e2e5ffc8-c3e4-4bcf-ac33-7548dc63dab6,428,Other,111,Africa/Algiers,650,1170
20b14281-2edc-4273-ac23-485ea26c048a,554,Female,124,America/Fortaleza,246,929
75ed1828-1dd5-4eb3-b9cc-c4dc69577ddd,782,Female,98,Europe/Paris,553,1572
0f9f62ef-6331-45e4-8891-a27eb7c75303,973,Female,64,Asia/Kolkata,430,1022
782f38a1-ee7d-40dd-99e0-a14cfda4ca90,421,Female,106,Africa/Nairobi,939,1719
956c12b9-02e1-434c-aab2-e3f354c3b2ef,289,Female,17,Asia/Kolkata,423,727
ef1c8673-8c8b-4f4d-90dd-5a5b92238b54,313,Other,51,Asia/Shanghai,149,1596
fa411f81-ef11-49fb-8eaf-fadeeb836a1b,599,Female,98,Europe/Rome,898,1843
06e4e1fd-3f3f-41a6-b310-0871e81b3d95,866,Other,186,America/New_York,57,1059
128a18dc-0fa0-4f46-8185-6adb6518eff2,843,Female,19,America/Mexico_City,59,216
64b42a93-7d48-4080-b6fb-4c9f8d31fc83,858,Female,153,Asia/Yerevan,22,608
69738408-d145-4cba-a5cc-39aeb4242dab,501,Female,115,America/Havana,577,1350
9112067a-2361-4859-809a-b8a4912362b8,536,Other,54,Europe/Prague,395,1636
bc69686a-dd7f-49c5-841b-562a79c10c6a,677,Male,96,Asia/Jakarta,862,1591
ee4fd044-1afb-4a48-a704-70139d899c56,684,Male,200,America/Puerto_Rico,205,970
a159c751-956e-4319-96bb-68fb59cbaf55,494,Other,191,Europe/London,430,1361
2c6495dc-5bd7-4121-91f6-13206a71dd5a,968,Female,113,Europe/Kyiv,590,1183
131d0333-d02f-43cb-8f27-7b99124ce524,65,Other,90,Asia/Kolkata,157,306
1f59823c-f526-4b89-883e-348be36e787b,546,Male,54,America/Toronto,502,659
046bbd2d-bca2-4768-8262-7df58f7e41d6,589,Female,112,Europe/Belgrade,851,1978
3ad958f4-ab75-484a-bf69-470d72ddabaf,263,Female,71,Africa/Casablanca,851,1606
b5c09247-6c6e-4213-a0b6-0a44f76ce292,618,Other,33,Asia/Yangon,518,1610
e7bacc8c-e584-4883-9cc0-47d6ff2b66b6,826,Male,62,America/Toronto,409,1769
5dc0c75e-8307-4445-ae4b-0bd31200a1c5,842,Male,200,America/Detroit,416,1744
5a22bae8-1b02-4e9d-9684-cd3c61ec0fbb,145,Female,49,Europe/Berlin,350,1624
89f8fdc5-e410-496b-98bf-bda476703e1e,763,Female,117,Africa/Nairobi,422,721
c79ef357-b428-4297-b361-8b1a3d673e69,445,Male,119,America/Lima,366,1754
4eef6f6a-fc7a-4d2d-846f-3983d12cfff1,814,Other,17,Europe/London,239,1020
58c56a02-bd2e-4a2e-9f3d-6ef7461c034f,593,Male,42,Asia/Bangkok,657,1153
55d4e0f2-7a8c-4ec4-9bf9-95b7d8decc55,297,Female,187,America/Sao_Paulo,500,1778
d85c0a1c-7fd0-4882-bf2c-4c602c75acfa,74,Male,180,America/New_York,943,1244
3397553d-2ad2-4ef0-994f-e2a342898e85,909,Male,40,America/Chicago,988,2460
c74178ab-2667-434e-89c2-0538df9c659f,781,Other,51,Asia/Makassar,482,753
0c00dd52-1da4-4a98-bda8-d197c25d6123,74,Female,112,Europe/Amsterdam,52,1480
4ac69790-7011-4a96-ae04-715e449b6918,586,Male,57,America/Denver,908,2338
e7377836-e811-4931-b181-e32cbd0c3228,294,Female,169,Asia/Tokyo,383,1318
9cee5fea-dd79-46bb-80db-2df5c59e5d87,764,Male,199,America/New_York,903,2398
6d88d408-38cc-42d9-ac13-2d751697987a,824,Female,64,America/New_York,586,1021
156b53ee-cdf5-45a8-9650-2ae4374caff6,96,Male,81,Europe/Paris,60,1059
1576fd73-72be-4dfa-95b6-905bb23829ea,284,Female,119,Africa/Casablanca,895,1111
87d95da1-c4ff-415a-b9c0-251b2843f7a7,233,Female,39,America/Mexico_City,291,1723
19991c3e-891c-450b-a1d8-6ac314c17f1f,484,Male,54,Asia/Kolkata,118,432
fa3b86e1-3a54-4fdf-8523-961845575b36,550,Female,29,Asia/Shanghai,807,1749
56e411b1-f9df-49fc-89f1-efde4761f0cf,157,Male,197,Africa/Douala,11,752
ef8fed92-1ce1-4b01-8908-09dcdf385c80,531,Female,199,America/Sao_Paulo,152,1548
0e270bb8-a676-4521-8f2e-b593b8096d67,388,Other,110,Asia/Tashkent,846,1400
0383a718-d484-4e3e-87fd-033e93171328,805,Male,29,America/New_York,254,636
00250187-0d6e-443a-a485-7037565a5359,486,Female,112,America/New_York,810,1850
525634cf-47c1-46b5-a331-3e9d5a44faf5,322,Male,190,Asia/Yekaterinburg,289,1252
a26d9532-b871-4b7a-bbea-338951823c9c,319,Other,38,America/Lima,902,2041
f0877bdb-7d96-48f4-833c-f98986afaf2c,461,Other,161,Europe/Berlin,296,762
8a1e0535-2f72-4b83-b116-1cad12755bf1,473,Female,170,America/Chicago,612,973
7e483e34-6d97-406e-b3e8-c9deca3e5e04,273,Other,31,Asia/Kolkata,996,1716
cb8ac65a-1a69-47c8-8d9c-f85d0902734a,460,Other,171,Europe/Istanbul,678,888
1b6fc527-980f-464b-bf08-b4509b0cda1d,141,Male,40,Africa/Johannesburg,474,1485
76c5b4d8-0b94-4a5c-8967-45924584d2ec,386,Other,190,America/Los_Angeles,907,2121
57dadb03-b480-4abf-8716-64a541f9775f,752,Female,137,Asia/Shanghai,798,1183
58abaaec-4d29-4d9f-b85e-9bd8462a31a4,282,Other,117,Asia/Kolkata,115,897
ca2a9e04-9e2b-468e-aac4-fd97d352a371,133,Other,179,Europe/Moscow,593,1837
1f46ea36-5dd9-4329-95cf-336f37c62406,194,Other,15,Asia/Tokyo,859,2058
cf7b574b-0100-4db9-a832-bfa4f55ad4da,552,Other,31,Asia/Manila,308,809
3fc4dbc2-fc00-45c7-a9ed-f43290eee2e1,602,Male,164,America/Vancouver,726,1116
786f8ca4-5d7c-48b4-9435-5ac356172a60,145,Male,180,America/Mexico_City,99,670
3986b1c2-0d50-4d5f-870d-d54725cff059,301,Male,155,Europe/Madrid,427,1306
de658bbf-97ae-49b3-81ba-e3945eeb4325,764,Other,70,America/Los_Angeles,188,316
0ab0fdfc-83e0-4b63-a37d-0a5251e0c212,97,Female,97,Europe/Prague,854,1393
928e3ed4-9c50-4cae-a09c-4c03f7f6da5b,191,Male,138,America/New_York,171,1166
83bb2c90-f439-44de-a832-572adb0ab4a2,916,Other,120,Australia/Sydney,68,859
9fc2617f-4fac-4d2d-a25d-f863c563d9fd,516,Other,187,Asia/Qyzylorda,820,1452
0831e3ba-21e6-4df7-b04f-2a93cbc72e37,1000,Female,158,Europe/Kyiv,48,1290
a330e305-cfc7-46c8-9fa9-265638a5c0ff,683,Other,135,Europe/London,934,1411
3a106040-848a-4cb0-8b8f-bac5fb443b99,712,Female,152,Europe/Madrid,94,1506
f9bc66ef-979d-4b3a-a521-b4125dca5c29,507,Other,109,Asia/Tokyo,135,438
7fff6397-a59f-41e9-a027-7cd6b603106a,655,Other,18,Europe/Moscow,433,629
bc951830-d1c5-4d70-8103-f794a8b455fe,918,Other,148,Asia/Jakarta,490,1625
b9b43e04-c570-4501-80f5-4d4c38ef0366,252,Male,183,Asia/Manila,875,2070
0823bca0-dad8-4b87-bfd3-76dada677492,478,Male,182,Australia/Perth,802,2182
0853c94f-4b09-40bf-9bc6-9f94916b8669,738,Other,156,Africa/Lagos,376,997
835f105a-58ae-4933-9563-ab76c97082b6,764,Other,48,Africa/Nairobi,514,1318
bbbab364-16a8-4c50-b48f-f16945eeccbd,870,Female,139,America/Sao_Paulo,83,1369
74f9f26a-db8b-465e-93c5-892703f15339,829,Female,115,Asia/Manila,719,1046
0d53a55c-1973-4275-8b57-79b0cc269088,545,Female,41,Asia/Tokyo,928,2274
23691421-0f56-4379-a256-49ee728f840b,740,Other,126,America/Los_Angeles,957,2019
fd5cfbff-65f7-4a05-903f-add4528356ec,574,Male,104,Europe/London,573,1268
0efcc01f-e385-492d-800b-e36fe71087ab,866,Other,150,America/New_York,887,1789
d49b1b38-2189-4379-a5ca-84fb518eaa92,983,Female,148,Africa/Tunis,757,1666
2f6ba086-6cd7-4f7d-aaa5-414d597532f0,574,Other,190,Africa/Lagos,511,1735
9af2564a-7e33-46e7-9958-2922480c5848,116,Female,191,Asia/Kolkata,745,1507
e1fd0b0b-0bf1-4444-8165-8b296f47a595,201,Male,22,America/Caracas,244,1697
0f326dff-7193-4e7f-9a25-3e474ee9b219,100,Male,30,Asia/Kolkata,894,1913
20ddeb81-8bef-4f21-893d-dc9389aa3353,505,Male,29,Europe/Rome,489,788
60f1350a-a1eb-42f0-a1b6-81616f01bd23,766,Female,91,America/Bogota,141,1500
c5324c30-60a8-42d9-b459-6f1584133af8,893,Male,89,America/Sao_Paulo,373,680
ab43c205-2397-42ce-ba14-e2bd270c470d,591,Male,134,Africa/Lubumbashi,795,2059
8f4347e9-6ffe-45b8-a022-17b97e93d931,850,Male,59,Africa/Dar_es_Salaam,84,700
19f9887c-cbf4-48f2-9379-76cd8b98ac94,93,Other,41,America/Chicago,644,1513
ef41e1b2-19f2-4026-b63d-774efa7d2f23,945,Other,38,America/Chicago,717,1403
845ad142-4399-43ac-b090-98c4bf49652a,846,Male,160,America/Mexico_City,42,456
af455d79-86f1-4475-b9e2-f43ceaccffda,77,Male,188,Europe/London,485,731
fb111531-cf34-40e1-b25d-036f2a1dd6b3,512,Female,115,Asia/Tehran,560,818
e416ea22-5ea3-411b-8faa-71f507cedc0f,840,Male,168,Asia/Manila,396,652
47e34203-a164-4568-8e0b-3de1e3302794,794,Other,22,Europe/Stockholm,795,1667
2bd7a820-7a52-4cce-95b8-d37abdf78dcc,687,Female,52,Asia/Tokyo,390,1338
98b9c68c-012d-4751-b13b-7a5c12c95c18,851,Other,92,Europe/Kyiv,639,2136
4c5249d4-57b3-4df9-8537-8df36a631513,189,Male,49,Europe/Paris,61,1205
eb6b93f9-45ac-4a42-8f0e-0fcd4d26d234,978,Male,114,America/Edmonton,880,1686
72964ae3-541a-4f16-86b9-961252ca6d9d,920,Other,35,Europe/Moscow,442,845
3e7ea808-cf00-4ff2-9119-36b9a13b6982,475,Female,181,Asia/Yekaterinburg,296,861
cd375cc7-6c03-4a2c-bcc9-5d9f2956468e,527,Female,44,Asia/Karachi,559,1038
59581f21-9601-4873-8913-6c495933fc53,768,Male,69,America/El_Salvador,580,1943
19218639-364c-4dcb-96be-a8fb504308dd,563,Other,119,Europe/London,524,1744
01d0ddad-5a55-4398-8e3b-67aaf5af0dfb,160,Other,35,America/Fortaleza,695,891
2f1564d4-a59c-4388-86ff-23eb6277be24,839,Other,24,Asia/Tehran,126,299
5c666bdd-e0ea-42cd-becc-e08f0aa18e09,341,Male,181,Asia/Kolkata,624,744
91159387-c8af-441e-8d36-f881dd944da6,305,Female,93,America/Port-au-Prince,251,1266
3d77eb1c-8e33-4a18-bd19-ab06c8616dcd,930,Other,19,Asia/Shanghai,237,1637
aa261884-c281-4fbd-b108-4c3a3ee5982c,738,Male,34,America/New_York,468,1026
5b23ec12-a945-405c-b95e-95a9d048a905,773,Other,183,Africa/Algiers,5,666
5211da57-1416-4a35-beec-e4dc6cfe5075,671,Other,28,Europe/Paris,705,1437
59b07aa8-c009-4261-b4f8-fb8ac78653e0,118,Other,104,Asia/Shanghai,922,2266
cb240f9f-8b31-4d41-abe2-6b4ccde32f36,184,Male,167,Africa/Khartoum,30,219
7cf8d8d2-02d1-486b-9b8f-bb82f44babf2,313,Female,114,Asia/Manila,31,1354
2c436138-96df-4fae-a590-e2673a5e5034,989,Female,75,America/Chicago,358,1214
b0ba8d81-e381-4825-aac8-ef6a9addd363,581,Other,139,Asia/Kolkata,614,1853
b9b2c205-6461-462e-bc2a-3026b2e77d3e,584,Other,194,Europe/Berlin,25,1452
25d1af80-35e0-486c-a66e-e8142950368a,342,Other,43,Europe/Berlin,165,595
16882ab5-16e2-4309-abf4-83631be5ccdb,357,Male,170,America/Boise,323,1807
42a90ae5-af1f-4801-9e60-367d4915c5af,372,Female,77,Europe/Madrid,222,1205
db78684d-5173-4190-9dc2-c51bd05e998c,657,Other,171,Europe/Madrid,589,1545
b81b22a1-707d-489e-9303-1dc410e77ff1,612,Other,83,Europe/Paris,669,1306
6909d8ee-14b5-499e-bdfe-a08b16581427,546,Other,198,Africa/Lagos,991,2122
fe3e09ac-aa58-4080-b9fb-55731915cf42,66,Male,35,Europe/Moscow,586,1530
51fbab73-ba0e-44ce-a587-57b3677c98a6,809,Male,64,Asia/Almaty,972,2240
23ddc634-0ddc-497c-9646-d0b7b8e0e418,78,Other,38,Asia/Krasnoyarsk,892,1331
92983669-df4d-49fe-b951-6f374b1c3c81,793,Male,177,Asia/Bangkok,348,602
c4eb3c91-50d7-4d09-b8c0-fa8b8a5bdc85,673,Other,52,Africa/Addis_Ababa,861,1980
cc196a0e-a096-44ac-a87d-4a2a89118568,215,Female,148,America/Sao_Paulo,30,253
3cf47e3f-1a13-4d08-9ae5-46e165f9a1f8,457,Male,136,Europe/Prague,911,1823
9b707430-b1c9-4072-a31d-35014273dfde,920,Male,48,Africa/Windhoek,392,721
e5ab616e-86dc-448f-826a-ee6ad4f8ad22,987,Other,35,Europe/London,637,1049
33939dc2-9f68-4a43-b7dd-eae12480f21f,942,Female,51,America/New_York,506,1982
9c491abb-4c62-4242-9b39-27e19e9de31f,875,Male,42,Europe/Moscow,788,1835
ede2e266-0c8a-4eaa-96ea-69b04ab873d8,638,Other,102,America/Port-au-Prince,365,1396
351cc364-cc27-40f7-9240-1c1ffc8286fd,72,Male,162,Europe/Madrid,504,1889
0c02a795-cc52-485f-8731-3d210fb47561,861,Male,175,Europe/Moscow,702,1844
4601563c-fd40-4237-999f-6816db77fec7,681,Female,25,America/Argentina/Ushuaia,619,1065
5eb8c2b8-4eec-4184-bd70-43c23c9372e1,757,Female,106,America/Port-au-Prince,559,958
bb6dc3ca-1e4b-40fe-94d9-2bb45140f34e,747,Female,119,Asia/Jakarta,957,1527
7b347dc2-dc88-4226-a7bf-2fefe5908907,262,Female,152,America/New_York,285,765
03a25431-ef15-4059-a55f-1730922752fb,728,Male,31,Europe/Istanbul,651,823
572688b1-3d47-4643-be0d-ad7f0ed6aac7,756,Female,91,America/Sao_Paulo,633,1697
15cfb2bd-164f-426f-a60e-d501d717041a,723,Female,148,America/Chicago,514,1293
21a12817-747f-4fd4-bf93-cb37f0844e02,222,Female,183,America/Denver,294,1594
0b0a8494-f863-4361-a859-8a977369a4d1,76,Other,84,Asia/Karachi,907,1787
6a4d79e5-8d1a-4b8a-8541-b5e672356675,246,Other,91,Europe/Moscow,852,1333
cd16b483-2a9d-454a-93b7-6c04dbe656c8,566,Male,25,America/Chicago,158,531
46a6342f-206d-4ef1-9242-81b6e1cf1ff5,986,Other,97,America/Guayaquil,213,827
450ef177-93c5-4f3a-b54e-8f55eb2f32ce,487,Male,100,America/Sao_Paulo,70,380
22b51820-0615-4c1b-9f15-7f6ff5a1c316,862,Male,134,Asia/Jakarta,206,388
2d11ef94-d319-4e58-89ee-e2f742d7cbc8,257,Female,198,Asia/Shanghai,690,801
9bacf6ad-ff49-411e-8815-0c2a44b2943d,903,Male,100,Africa/Johannesburg,365,1395
1d0563c5-ee91-4785-8787-dc15444d3bdd,942,Male,134,Europe/Helsinki,953,1947
b73873e6-ef19-4245-bdd2-7af34fd18947,317,Other,174,America/Mexico_City,236,1286
325d480f-d575-4574-ad28-83249f5fa16b,300,Other,70,America/New_York,892,1672
bb8d05f4-7998-4b43-b30d-c8216777604b,710,Other,65,America/Chicago,955,1121
89417227-5e3d-4b88-bc67-12ff3959a4c4,873,Other,163,America/Mexico_City,272,1693
e1028433-1fad-48dc-b3cb-41160e9b2414,947,Female,63,America/New_York,962,1162
13fa5f70-3458-401f-933d-7fb4e2284119,388,Female,120,Europe/Sofia,682,2118
663f47c1-4acf-49c2-a03c-41ab0b16ba16,695,Male,158,Asia/Kolkata,576,847
affe926d-b39e-4775-8120-53308a68707a,963,Other,165,Europe/Rome,707,876
5e55fcc6-4bbc-4100-9343-59a29475ada7,955,Male,128,Europe/Warsaw,606,803
f8e22a10-b12d-4272-8ad9-4d180c316546,342,Other,180,America/New_York,199,858
77c28ef3-72ff-4894-b413-bfe335a26828,757,Female,81,Europe/Brussels,691,1163
64263f71-fb5d-44bf-8bfb-92099bd95a3d,190,Other,59,Europe/Berlin,251,700
9ab00e70-9b94-46ec-aab9-6482d5bfcc7f,124,Other,161,Europe/Istanbul,837,1513
49a0c7a2-9f09-4d52-a5ae-72bbcd8adecb,564,Other,105,America/New_York,204,982
47155bf7-a388-420f-a2eb-e89dd4248f7b,661,Male,77,America/Chicago,961,2060
4b1a5f9c-0156-4054-a687-086244c80617,978,Male,92,Europe/Berlin,754,1373
2f6f3b47-31de-4fb3-8022-7d5a6ba13c6a,636,Female,157,Asia/Yekaterinburg,651,1500
a3542521-23a9-43cb-b880-fecf41338bf6,364,Male,133,Europe/Moscow,181,701
e90f4494-3ad7-4bb2-a9f8-f642d154997a,255,Other,168,Asia/Tokyo,556,827
c2a2fe48-3356-47c5-a890-e09c1e71770a,525,Male,75,Africa/Lagos,366,516
77950ae9-2368-4c0a-917a-189e00f52345,977,Male,105,Europe/Moscow,212,1166
71e62908-03f1-4388-81bc-aee9d34444d6,985,Other,64,America/New_York,910,1544
dfcbeecc-4b27-4c67-a476-60243e4f5a5a,586,Male,127,America/Los_Angeles,579,1529
129c9446-1f5e-4c60-a312-adc0b264e7bd,273,Female,29,America/New_York,412,1623
4d512488-ae56-4243-9506-988fffcc7640,395,Other,70,Europe/Warsaw,843,1997
75dfda60-06b0-4a00-8218-dd58f31e8fe8,66,Male,30,America/New_York,59,1151
30b8c4d8-fbea-4f3d-a2cf-6a5099ae5dfb,948,Other,16,America/Port-au-Prince,469,938
61452a2f-120a-4cb0-a393-0749e6aa0cdf,238,Female,118,America/Santiago,407,639
58ef7d5b-a626-4748-8e84-8e6586c68b86,572,Other,188,America/New_York,464,629
d71d9c22-8944-4928-9464-6fba337f5f0f,965,Female,181,Europe/Saratov,772,1665
452fdf1b-bd22-4048-b0c4-85407801a4c9,142,Other,40,America/Havana,479,1954
9f41a49e-c1ad-4c5b-816b-c46206c2edde,64,Male,30,Europe/Berlin,496,1920
50932b43-4325-436f-8af3-3d2f1a5eeeaf,612,Female,44,Europe/Moscow,777,1046
5d0bf096-f98d-452d-a578-df53dadf174d,926,Other,37,Europe/London,527,894
b1e78083-3864-44c5-9f40-35f1151a96ca,171,Other,94,Atlantic/Azores,832,1081
a951e514-2970-44c6-a587-f4c99c746c89,306,Male,96,America/Costa_Rica,766,1755
401c8be1-a2e9-4c77-a737-8f869eff3eeb,877,Male,142,Africa/Lagos,127,1060
324cd7cd-74ae-44b1-909a-18f6628ee1ac,373,Other,52,Europe/Prague,263,917
f58bd7d2-3d6f-4d78-a0f0-0f7c131a07d2,784,Female,52,Asia/Barnaul,520,1359
8e88838b-ead6-4c33-a574-f4beccef4c71,893,Other,190,Asia/Kolkata,348,1427
f0471112-c4c7-426c-948e-337fdbd51cd7,469,Other,89,Africa/Johannesburg,596,981
8c46f83d-7d26-4c3a-8aab-cfcdf22555e5,500,Female,97,Asia/Ho_Chi_Minh,298,1490
971e24c5-60ec-4104-a2c0-291cb1bccdcf,961,Female,48,Europe/Rome,449,1406
154b243a-5ca2-4d0c-99f5-cd923d931a00,955,Male,39,America/Sao_Paulo,133,274
b2d76bf6-2329-4802-bc32-f96275e22732,724,Other,69,Asia/Tokyo,337,566
ecced8ae-4a67-43ee-827c-cb3193121ae7,368,Female,67,America/Sao_Paulo,197,1304
d8191330-648c-4661-b0a3-c586c5681ef0,976,Female,56,Europe/Berlin,847,1932
afcc6bba-7130-4dc7-aa4e-0b2519c2bf4f,437,Male,95,Europe/Berlin,891,2361
0da6bd83-f18e-4888-9811-abcf59cc10b3,515,Other,139,Europe/Kyiv,854,2273
15078a45-f082-43a5-b3ea-234cadbc5236,164,Other,78,America/Chicago,801,2114
0320d6f2-01a7-4542-8d5c-3ea6de024ec2,193,Male,90,America/Chicago,99,1502
86ac3f90-36aa-4d52-8b2a-4f07a39924d0,331,Male,111,Europe/Rome,147,621
5d32bb96-88f6-4e0a-b517-379003dadaf1,871,Other,63,Asia/Kolkata,485,1661
cc474f86-07e5-47ac-8825-f22ab902af91,249,Female,146,Africa/Gaborone,93,810
81dff74f-9e55-4679-908c-fe07f0987504,326,Female,84,Africa/Algiers,942,1908
1529f869-7aa3-4a69-a39f-c94d0ee0ffad,757,Female,23,Africa/Johannesburg,911,2147
92a9e1bb-1a32-47e4-b343-ea2133bae70e,954,Female,175,America/New_York,133,943
547da22e-458b-47b8-a6f9-12ebb19de29a,227,Other,193,America/Sao_Paulo,253,1032
8b0bfb40-c847-4ff8-a093-4c5d74202d6d,676,Male,30,Asia/Jakarta,64,324
b8fd1a32-6bb7-4518-85cf-e525d0ada992,637,Other,176,Europe/Brussels,430,1326
07722abb-11ed-4ca0-aeb0-f7e28007e88d,356,Male,46,Europe/Moscow,248,531
ddef2579-216f-418e-b820-9e091afb5eec,966,Female,70,Europe/Andorra,454,1121
755b3d29-b350-4d89-9b48-2141187066bf,666,Female,35,Asia/Dushanbe,124,988
621719e0-8df3-4331-a6f5-285175499591,402,Male,94,Europe/Paris,992,1339
2c389057-b520-462d-a29a-de231d210ebb,269,Other,174,Asia/Kolkata,328,1684
74813e1a-6477-43f7-bae0-8efa4c039bb6,125,Male,176,America/Chicago,666,1073
e8b4c861-050b-45f5-b15e-b304bc5f69aa,908,Male,41,Europe/Rome,182,331
e3c79ead-d90a-4582-bd92-f6b441a719ee,906,Other,122,Africa/Algiers,141,334
0f45f3f7-bc35-46d7-941a-5d6e240103b3,564,Other,87,Asia/Seoul,837,2079
9edbe3bc-74d3-4135-a040-3096f122047a,290,Male,31,Europe/Rome,706,1737
3e1342f5-23b6-43fe-8d59-c98c6915a0d6,400,Other,86,Europe/Berlin,116,399
db51aa39-70cf-4509-b9e9-26a5ff9e1cc0,249,Other,61,America/New_York,657,2020
6b033368-78a4-423a-b2fb-d4eaad7f5cc1,841,Other,117,Asia/Kolkata,698,1135
d9e30ef2-6a08-40ca-b963-d79ea7b79b4e,493,Female,80,Europe/Istanbul,83,724
e7af52b8-2d5c-4cce-a35a-274b962ed5cb,368,Other,40,Asia/Seoul,332,1222
933af729-311b-4dc4-87be-91caa626d4ce,235,Female,26,Africa/Algiers,589,1744
fe776886-fd48-47d4-ad58-5324e81ab186,812,Female,15,America/Jamaica,355,1665
8b353e1e-9670-4413-9ce4-ce4d73ccef79,426,Female,184,Europe/Moscow,694,928
f0e1c981-dc38-46a9-aa63-ff78b24de474,729,Male,164,America/Los_Angeles,762,962
72d0d635-c81a-44c0-85de-8e2d97982744,191,Other,132,America/Los_Angeles,532,1745
505ffa75-8de1-4641-881f-5c31b8cf9f22,359,Male,116,Europe/Paris,248,926
833d9b21-7545-4e51-a3f5-0ef6ad5b8a1b,287,Female,149,America/New_York,184,1077
ef44c35b-f832-458f-b54d-220313f431a0,266,Male,123,America/Mexico_City,560,1586
82bcd6d9-a70a-4e00-acdb-672922719674,498,Male,149,America/New_York,279,1239
61e80a2a-58c4-48af-be81-8640645db6be,161,Female,186,America/Sao_Paulo,865,1015
38083b4c-91ed-46c5-ae8e-6b52bbc1b15d,884,Female,65,Asia/Shanghai,883,1856
81c55c7e-57ba-4488-bed4-5cb7758792f9,477,Other,17,America/Denver,190,1139
7c4bee8f-7198-4940-a658-661f40787918,626,Other,21,America/Bogota,662,1286
f44035b0-1196-499c-a971-8f36091b12b2,915,Female,92,Europe/Madrid,557,1358
df376cd5-9663-4a74-b1b2-6bfff607d8b2,744,Other,155,Europe/Moscow,521,1378
13d603a3-9378-415a-8731-5b6be04407e3,437,Other,50,Asia/Ulaanbaatar,968,1725
b68c4673-a17d-4165-adaa-eae193c7cae3,950,Male,39,Europe/London,290,1430
4110ec88-918e-4fbb-b24a-53ade8af7993,759,Other,83,Asia/Shanghai,795,2171
59e61738-096a-4170-9012-1afdbb333554,725,Female,151,Asia/Tokyo,979,1593
4dab7db3-134a-4aaf-8886-f90e8e69bf15,378,Other,79,Europe/Brussels,44,757
60d49fe9-c705-4679-ba5a-60a515c45224,543,Other,123,Pacific/Efate,907,1553
c5e260dd-6591-419d-8fa1-ce8c53a88bc5,265,Female,122,America/Chicago,252,730
ec0acb99-b824-4d97-ac78-e173bd1ae4db,653,Male,131,Europe/London,398,1351
df17ccbe-373b-420d-9d40-ee4d1b37ea94,368,Other,24,America/Mexico_City,250,1353
1aefa9ab-6dfb-4a88-9298-cc238f38916c,491,Other,29,Europe/Moscow,655,1132
0bc55bb4-c458-472c-9937-38685ae3ada1,460,Male,131,Africa/Maputo,946,2243
89d1ed28-4641-4c3d-b4df-22ee69094428,557,Male,183,America/New_York,566,2043
75d4b76a-099e-4fa4-bb2f-e8f58e63aa4a,834,Male,106,America/Sao_Paulo,957,1652
a88dbf00-4c92-4c79-bbf7-8e5c232650a6,639,Other,138,Europe/Madrid,875,1378
4f6af247-2648-43f3-9e9b-ece8e6f3fbc8,140,Male,62,Asia/Tokyo,498,1278
8f7ce8b5-48f9-4425-b4cb-7d242e8f1ff2,502,Male,35,Europe/Bratislava,791,1566
77322eef-1ffe-46ff-8321-218fdabe1cb4,701,Female,44,America/Sao_Paulo,917,1672
b26a27c3-c93e-4fe1-bc90-88182e66784f,361,Female,189,Africa/Dar_es_Salaam,216,692
58f04e40-b09a-4be9-b407-fd5907eef887,264,Other,83,Europe/Lisbon,813,2153
3f300458-6dc9-49fc-8652-a1590f2f8b69,209,Male,106,Europe/Istanbul,9,420
006e5463-a5f1-45db-8077-a7af3c7cde79,239,Female,191,Europe/Skopje,360,1718
e85ce663-8687-4bbf-86b9-8c655cdb4d04,455,Female,117,Asia/Makassar,494,1522
4dc7c331-e3e1-4343-8a28-3e694aab1349,225,Male,103,America/Los_Angeles,83,1034
508f3639-8133-4b6a-a30c-a3495b817e93,478,Male,44,America/Los_Angeles,699,1406
9a2116c6-b4ee-492d-b1bd-5d610753cc3b,933,Other,47,Europe/Paris,639,798
04aebc2c-face-48dd-a9e5-147710c51ce5,285,Other,52,America/Denver,167,1204
3d320424-15ac-4a88-8605-445e33d96ec9,60,Female,119,Africa/Douala,578,966
09c22bf3-69e1-4c3a-9af1-13365f381d4a,871,Male,51,Asia/Yangon,26,223
7f03a382-a0d2-4326-8e96-b6a1dd5b7025,694,Other,98,Asia/Shanghai,509,1624
f18a0c47-e02e-4441-9b64-af244ad73581,630,Male,151,Europe/Madrid,906,2197
68e85b94-ba10-4a59-b2a8-2995aa133e29,131,Male,48,Europe/London,35,796
f40cb98d-98b8-46c9-b98a-9831541ed0d0,598,Male,60,Europe/Brussels,166,1081
bbde1cc3-ebc6-4751-94ad-6872d7c9101a,90,Male,29,Europe/Madrid,623,797
931b61ae-4cc8-4750-b9e1-ed1fb31eb33b,325,Female,163,America/Chicago,796,1680
a89a2e79-cd3d-497f-b23e-8fdeb2a35e7d,346,Male,76,America/New_York,562,2018
3f6d1e3e-c804-48ac-a53c-ddf4bb4141f3,979,Other,31,Asia/Novokuznetsk,850,1277
00b1ff63-55fc-42ff-bbea-578b8a17b24c,570,Male,105,Africa/Lagos,882,1830
acb32cdd-608f-4cf6-8371-1ce33b2dd956,648,Female,141,Asia/Kolkata,889,1387
6b3d0b59-5264-46f9-8a08-bad2d514ce96,715,Female,106,Africa/Niamey,628,2122
521fa99c-3f1b-4c6c-a2d9-e567f8512118,394,Female,70,America/Havana,911,1236
c9cd9690-14a9-405d-a64b-b7df9ad63ed9,508,Other,72,Asia/Shanghai,836,1943
101d279e-1b46-410d-8ec3-b7ea913e8319,887,Other,68,Europe/Rome,711,892
f1ed0628-b058-45a7-bc64-d47fbc688af6,76,Female,31,Asia/Makassar,101,502
dfe9ceeb-7b6a-447b-9048-6ffc8e390989,164,Male,96,America/Sao_Paulo,864,1481
21c98462-534d-4839-80d5-ece1b80a9661,118,Female,27,Europe/Kyiv,204,1039
9459c46b-6d27-4491-8f63-e0674c7ed0e9,639,Female,31,America/Bogota,514,2012
d5bc956b-0e83-46d3-a513-4d03b5970907,213,Other,170,Africa/Casablanca,400,1483
90074bbd-3f52-4251-bbc8-49fcf1b07a8c,907,Female,22,Asia/Samarkand,871,1638
80ecb70a-de74-44f2-ac59-ec71a0738c9e,372,Male,70,Africa/Algiers,574,1573
43d33077-1ed5-4c49-acb6-2bb258fcf33e,476,Female,45,America/New_York,226,1002
55c66bba-4edb-4e22-a7da-d116f579a4fd,322,Male,117,America/New_York,349,865
739af0df-7ff2-4b83-9e03-9b002c0d559f,603,Female,176,Asia/Bangkok,66,874
5aa1d391-622f-435a-b5a3-427d44f22fb6,838,Other,199,America/Matamoros,254,1714
02398bcf-a153-4e1b-aa27-92aef827a709,459,Female,122,Asia/Aden,690,1062
9969304d-b8ac-4c60-9e5f-8e6feef34f79,502,Female,59,Europe/London,90,835
fb1e5368-4c4a-4b85-82cd-8a82fcdc5c88,502,Other,191,Asia/Kolkata,315,1635
5dc46e52-6bec-495b-a55a-c3c98f2f194e,288,Female,180,America/New_York,138,800
dadbfe38-59cb-4250-ac97-5a7995407ef3,420,Female,104,Europe/Bratislava,424,1311
e3c2b9c2-9143-4e1a-bd5e-18b122b3608f,803,Other,48,America/Havana,795,1568
49e2231e-d563-43e6-a06c-9678ec37dcb8,804,Other,123,Europe/Helsinki,285,1500
b966972c-6245-4ce2-a9f7-e1f5fb0480d7,618,Other,166,Asia/Kolkata,340,1511
0bca2084-2d4c-4dd9-94f1-7fd9ce508668,489,Other,86,Europe/Paris,281,849
b418b9e6-97e5-481b-81f0-7ab4443e6a59,115,Other,74,America/Los_Angeles,558,1332
d9f13a00-8dde-4929-b02c-61ea2f4ae625,901,Female,115,America/New_York,422,1860
9d458213-b4bc-4d2d-8eb3-c27a3f7af192,860,Female,179,Asia/Kolkata,54,558
101343a2-9a5b-4fcc-89ab-2fd67d8d2def,157,Female,195,Europe/Dublin,468,1800
c1bd0943-db62-42f2-a298-162eeb2d7701,78,Other,55,Asia/Shanghai,86,371
b34c03c0-b8b7-4b20-84b2-e00117769828,674,Other,60,Europe/Paris,424,905
92ad81f0-fa34-4b2b-b5c5-d8557d09db0a,228,Other,122,Asia/Ulaanbaatar,633,1644
b8746f11-6c5d-4e94-8d2f-3ed04ff3db9a,620,Male,117,Europe/Rome,84,1116
0bd9755f-4ba3-41c1-93b0-c532d01465b0,342,Other,120,Asia/Shanghai,130,516
13393119-12c4-4e52-b539-159b6b478642,620,Female,166,America/Los_Angeles,832,1308
3757b5f5-1de7-431d-900b-1bb4976d6299,782,Female,23,Asia/Dhaka,621,1926
1f429e91-3bdb-47c7-a4c6-9c4cb18b5cfc,409,Other,134,America/New_York,717,1074
5884e57b-bf16-48a6-a641-290e96c11e1b,484,Other,149,Europe/London,330,1590
514794fd-a744-4d1f-a0bf-6be7a3582f67,536,Other,101,Europe/Berlin,494,1805
3add3c73-1daa-41da-b1f8-3dc557e2dd3a,681,Other,152,Europe/Prague,384,1787
74fa7788-19d0-40b1-b177-2cc78cc68ec4,498,Other,69,Asia/Kolkata,942,1823
2dbd13cf-c8e7-45ea-bec8-b996ec290205,738,Other,87,America/Chicago,391,788
c958f636-d42f-4955-9096-3505e40793ea,620,Other,42,America/Los_Angeles,488,1016
b66ac335-0421-4f1d-9cc6-c006e507b8d2,758,Male,99,America/Argentina/Ushuaia,658,1876
ecdb00a7-87ae-452b-937c-e96cb5cb1000,691,Other,99,America/Los_Angeles,600,723
d0999f29-3fe2-4ae5-b361-75e6caad90da,977,Male,104,America/Toronto,254,822
aebc6a5e-fd86-457d-89a0-f7a2c09e8993,609,Male,25,America/Los_Angeles,527,915
904d6255-0d8d-49ec-8d35-0b4f7b8d0269,793,Other,71,Europe/Berlin,368,1603
c664b0ba-3eb3-428d-9e74-f84ea3f52b09,197,Female,149,Asia/Kolkata,744,1533
a35c6d11-4469-4e4b-98c5-01a0f4574301,951,Male,161,Europe/Madrid,970,1714
b8d3e3eb-f658-4fa9-87f5-7122ffcb8261,454,Male,39,Asia/Tokyo,461,1504
6b8db64c-aafa-480c-8953-503cdae7c2ef,704,Female,93,Europe/Moscow,243,1046
6cd834bd-eb9b-4b5c-80d9-4bc46150f0fc,783,Female,91,America/Mexico_City,818,2268
89980253-2a79-4f4c-b641-b9e220fc6cc0,405,Other,47,America/Maceio,590,1216
a7f7b729-7f2a-4e3f-bffc-f83823dc05ac,485,Male,100,Asia/Tokyo,141,495
65cbd2d7-c50e-44fd-b415-cdc5b74c5c8c,820,Female,84,America/Denver,16,1051
7d83c007-114b-4730-b55b-d86b8b68d356,734,Male,23,Asia/Kolkata,44,1087
665a1fbf-6a8f-4dcc-a5e1-00373423efd9,319,Male,196,Europe/Berlin,174,645
379d46cb-1705-40dc-9c5b-5d659de1fac7,596,Female,103,Africa/Lagos,695,1126
b427d69d-6b83-41fc-8541-87402a031360,529,Female,187,Africa/Lagos,482,744
3988379c-1851-46b4-b6be-c87bc79be5b3,544,Male,49,Africa/Algiers,781,1928
2d00e8e8-874b-481c-9032-55be15b7fa93,726,Female,70,America/Los_Angeles,907,2060
0a727b40-5364-49cd-9510-da4092218ab7,431,Female,131,America/New_York,362,479
36ef3ee8-e1e3-493c-954a-398608cf1d5d,278,Male,170,America/Sao_Paulo,866,1259
6dc50f3c-521a-4454-8c67-bec83c4c218f,501,Female,146,Europe/Berlin,66,553
bdcfffe1-89f1-4376-bf32-99c05209134a,362,Female,166,Europe/Berlin,655,2153
6b53ba41-3689-4a6a-a383-2715ad78ed1d,185,Other,94,Asia/Tokyo,576,1597
14e07683-0a3e-4d14-b286-6bf71223c3c3,685,Male,34,Europe/Paris,672,1070
d9bedbf3-0d35-4a07-a393-b05eaa7b4967,71,Male,101,Europe/Istanbul,187,693
8ce3d842-a9b4-4b51-855c-f24caa5eefe3,772,Other,101,Europe/Madrid,718,1118
287041c6-28dc-4c63-850a-6421c9eb58a6,452,Male,25,Europe/Moscow,305,416
a25ca6ea-fd43-47a0-91c7-de96f67c345b,321,Other,121,Asia/Barnaul,835,1333
13069f91-9e06-44dd-b7f2-a82d5c9cdde6,847,Male,200,America/Chicago,192,823
36e1a1f9-283b-43d2-a3e0-9df321b93bbe,341,Male,33,Asia/Baghdad,390,855
230dc8ce-526c-4b9f-9bca-04548848048c,343,Female,135,Asia/Jakarta,508,857
534e068f-3194-4809-9ff2-d7c9e6ab9baa,57,Female,39,America/Sao_Paulo,851,1180
0b9d9fcf-f10a-4a63-9a7b-4c1276e82201,873,Female,173,Europe/Kyiv,215,1414
ee375bca-2dc4-459d-862d-d544f934c3e7,83,Male,127,Africa/Cairo,236,1619
dcfedcdb-4d5b-4190-9be7-1c97d86bf413,257,Female,97,Europe/London,77,1118
4a4c3499-1ce3-4dfb-8a50-cc59892e444c,164,Male,56,America/Panama,63,414
11f56d54-0ff3-4e36-b58e-5a9a4f6a893d,230,Female,143,Asia/Dhaka,596,1035
3078ffa5-e7a1-4d27-8770-3eb544ee8367,222,Other,133,Europe/Vienna,702,1123
e7d7bae2-d2c4-416a-9c1a-3aded40ce1d9,184,Male,162,Asia/Taipei,937,1876
1578c818-549d-4ec5-b651-23b09561720f,898,Male,70,Asia/Kolkata,661,956
3c696fc4-4de8-4349-93eb-4a994be940a9,866,Male,169,Asia/Karachi,23,702
acd313e6-67e0-4559-899d-d3586b92ac58,929,Male,74,Asia/Dhaka,630,1597
8085ddeb-43ee-478c-b6ca-f4719f875936,322,Male,29,Europe/Moscow,132,255
59e2cdf0-7362-4349-bae5-7b5cda6ec613,439,Male,85,Europe/Paris,7,666
e30f079b-b3cb-40a6-b3a0-bed48c12fc60,691,Female,115,Asia/Kolkata,135,1278
5ebacb9e-b33f-4192-afcf-c714517e2bdd,769,Female,99,Indian/Antananarivo,447,1002
79e12b64-8c33-4fa9-8c59-1454898eff0e,57,Male,95,America/Chicago,678,796
a653bc8c-e63a-49ed-a909-3a004469315d,797,Female,36,Europe/London,13,697
2d3d1d30-e6fc-43e4-8060-775fa51d7c4d,939,Female,129,Asia/Dili,123,1236
70094989-faf3-4fcb-bdcc-d21d4638e2bf,949,Female,93,America/Mexico_City,981,1309
43ccebab-e168-440e-afa4-ecd60ba7168c,141,Male,121,Europe/Berlin,778,1469
662aff52-e0f1-41da-aeaf-55de6d1ae07d,132,Other,121,America/Los_Angeles,60,355
0082d237-ea5b-4aeb-a601-1573f419ad22,68,Other,19,Asia/Irkutsk,288,514
6627404b-df02-42b7-8304-00e04170aed0,415,Other,177,Europe/Moscow,728,1569
920651f7-ff02-4f5e-a2fa-dd5f31b9a21d,722,Male,157,Asia/Kolkata,763,1907
b256e2ac-07e8-42a7-92d9-d61f04bb2aa1,175,Other,24,America/Santarem,69,756
6abf7655-03df-47b4-bd97-ad8bb43b3bb0,466,Male,132,Europe/Moscow,764,955
4c358ce6-99d4-483d-9e72-473b11af7c65,269,Female,158,Europe/Rome,479,662
0a15558e-c0c0-4dc7-9e70-0ae457b5a37a,319,Other,91,America/New_York,769,1389
7f3bc578-6e9e-4965-b9ba-a1e7f78c7e26,585,Other,139,America/Bogota,987,2301
b9426af1-3f90-4765-9044-15e99ea8e95e,327,Male,110,Europe/Moscow,818,1964
b9df6224-7da3-429b-a150-53e49bcad662,209,Female,148,Asia/Kuala_Lumpur,858,1951
b9bfc802-3f12-4464-a429-5dc2050c07d0,311,Male,152,America/Toronto,48,1357
c7721017-17da-4858-a78c-5219b707b42a,399,Female,116,America/Cuiaba,253,1156
66e480b9-bd52-4028-8212-f337b4bed3fd,276,Male,50,Asia/Kolkata,2,266
ded3b08d-0649-4ab1-a6cc-11792bccf316,176,Male,76,Asia/Kolkata,587,1594
9546e639-ba19-4c43-85ce-950b7147e3e4,863,Female,75,America/New_York,81,921
5ae8f5cb-be89-4b80-bf30-6e2c0eb49cff,573,Male,110,Europe/Istanbul,573,1957
8b6adde9-4ec5-460d-9c45-331777951d4d,865,Female,157,Europe/London,668,1860
a1fab8d8-b2de-4c22-b94c-4d458c4ed881,692,Other,31,Asia/Seoul,319,757
3e24ddbd-2618-472a-9e42-12adbc656a91,75,Male,46,America/Jamaica,800,2067
84243565-b00c-4d2c-ab97-d5bdb7ef69a5,865,Female,195,Europe/Madrid,844,2230
a9f1607c-8a1a-4ed1-9ed0-d532995e351c,840,Male,194,Europe/Prague,135,652
651e6995-0c60-4e00-8a64-948a54343de2,665,Other,32,Asia/Manila,866,1821
08386f4f-df46-4a98-8d3d-0140a7391b07,361,Female,48,Europe/Prague,43,1004
add7eea2-2d15-4389-86f5-bc9c12ac4c12,653,Other,139,America/New_York,581,985
441250b3-9e18-4e1e-9569-ec5064850caa,807,Female,189,Asia/Vladivostok,198,441
d169d0ac-f061-4742-a101-85054c49ddc5,659,Male,70,America/Bogota,949,2109
a18d6b98-6b5c-42d0-9218-335d4c18aae9,306,Male,100,America/New_York,949,1402
ee2cebfc-0d00-4adf-b1d2-71fffb3d3bf3,884,Female,74,Europe/Lisbon,634,1594
9d37e9eb-cca2-4f41-b72f-756260e94141,50,Male,35,America/Chicago,632,1487
3a27b4fd-e27c-4672-bd7b-b1045dfc47f9,710,Female,78,Asia/Kolkata,635,2057
c253e598-f35a-44cc-8dfe-870581e1fe47,211,Male,81,Africa/Douala,294,591
b5ea6a90-7b6d-4edc-921d-eef6bb2cf785,248,Male,136,Africa/Dar_es_Salaam,640,1016
f5c085b8-599f-4bb1-8fbb-cf1c61f0afa2,490,Male,68,Asia/Kolkata,178,1295
ad051729-c691-4513-b1a4-1ed0f62d2126,984,Other,36,Europe/Madrid,145,1286
09fd2bb5-ec72-4d80-a020-b23c91b3899e,580,Female,112,Europe/Berlin,267,1669
41b9f271-04aa-4a2d-ab9e-c0c3e052f0eb,771,Male,26,America/Indiana/Indianapolis,715,1080
c2fd04aa-8f25-4743-8513-64b6ebb7531c,674,Other,35,America/Detroit,984,2239
6e580950-e8c8-432c-a727-ea907541d05a,836,Female,138,Europe/Paris,860,1120
014e026b-8966-4ac9-9874-05e6a10e5e80,64,Other,50,America/Managua,682,1981
a87d375d-ac4d-4e7a-9de4-72f0d24ce583,913,Female,92,Europe/Rome,256,1470
a4345fc6-096b-4145-adac-e740424c5517,452,Male,132,Europe/Brussels,892,1703
45ad50b6-0994-4f2e-b232-8df975ebe259,181,Female,29,Asia/Kolkata,894,1160
f647dc78-363d-4e88-8ca5-6bfa1c0e92c1,560,Male,48,Europe/Minsk,954,1119
3073d493-a7ba-4db9-ac9b-80644dbad7ba,399,Male,174,Asia/Shanghai,474,1868
c137debf-b782-4051-97f2-756e986a57a6,730,Female,94,Asia/Yerevan,561,1117
212cc95a-24e0-47aa-b820-4b81dde95a34,770,Female,49,Europe/Berlin,657,1443
05f3ed17-b197-4972-aa02-6776cd4e06a2,122,Other,145,America/Mexico_City,940,1065
bca40e5e-f07e-4acf-bb16-1335f322b112,989,Other,102,America/Mexico_City,801,2282
d831786d-59c7-4ba7-ac8d-d8b90f95866d,62,Other,103,Africa/Lagos,659,2040
91982a1e-2489-4145-b087-d00610993f4a,173,Male,143,Europe/Kyiv,748,1150
17ae0eaf-a780-488a-90b2-1136cf83c505,276,Male,191,Asia/Tokyo,760,1445
297a9b1f-1981-4a12-a88f-4415e35737cb,290,Male,141,America/New_York,715,1798
65e419a2-eff6-407a-818e-6ce96f622237,295,Other,167,Asia/Shanghai,879,2151
32532d48-e54d-452d-b57d-71ba45cfcb1a,995,Male,106,Africa/Tunis,126,644
b2d4689a-756f-4b9f-ada8-d1079c3ebffb,699,Female,162,Asia/Tokyo,975,1828
dde1f154-0ac9-4cc4-bc53-a8674024d9f5,958,Female,94,Africa/Freetown,652,1033
55bc9fcc-c8a7-4939-a856-249fe2aae989,694,Female,144,Asia/Yekaterinburg,191,1184
1fbfad3d-a58f-4452-b3f9-ada1d0d75e2d,926,Other,79,America/Denver,847,1589
39acc7d8-0669-4a5b-a86d-bbea4ff48fa3,504,Other,94,America/Los_Angeles,907,1512
d1db43f5-f5da-4b31-8398-25ef51f5dca2,853,Other,168,America/Chicago,654,1404
d3f4e3c8-1cad-4e64-94b2-aee025a2469c,844,Male,80,Europe/Amsterdam,310,1421
ac8e2ccd-1043-44f8-a08a-798c8c1819fb,990,Female,114,Europe/Saratov,439,1702
c5ad5506-6650-4db6-8ef5-635043c4103c,214,Other,152,Europe/Brussels,852,1737
0be4796f-9c5c-4b6f-bdbc-469b0c892960,666,Male,169,Europe/Moscow,808,1254
b758623b-a7f1-4cf3-a8b0-6c1baf9d13b7,281,Female,77,Africa/Ndjamena,340,565
e858e211-8971-4d1c-89b8-249aefb6be0a,249,Male,78,Europe/Rome,499,1739
f0e2bfa2-2cfe-41ba-aea4-ec2522274a6d,839,Male,199,Europe/Berlin,379,1146
46353d48-bff2-4865-b827-8f079b2572e2,978,Male,141,Asia/Shanghai,762,1696
ed84d3a4-df25-4a73-afc1-68d6d207cf6d,889,Female,76,Asia/Bangkok,606,2062
ee886bb7-137e-4799-b685-a42685f199a3,347,Female,17,America/Chicago,989,2274
6e6333d8-761f-44a5-994c-06e75e39a0eb,348,Male,93,Europe/Brussels,226,1505
701f33b4-264c-4775-b335-af2fb5dad398,664,Male,150,Asia/Manila,992,2353
3acae40a-f8d5-4e40-991b-fa2c44796782,258,Other,116,Europe/Istanbul,965,2440
23a869bc-42f9-4cd3-a473-3dbc9f260682,365,Female,41,Asia/Kolkata,285,742
2a513d1c-215f-4a6c-850c-e2806d31e847,277,Other,164,Europe/Amsterdam,294,1428
4dd6659f-631a-41bc-9ac7-11581cd7cb0b,159,Female,110,Asia/Kabul,504,1575
86738077-82e8-47b4-9e57-ff7ba20532cb,767,Male,19,Asia/Tokyo,717,956
ad2edffb-6ea0-4a37-8f35-79bc474b7da0,811,Male,97,Africa/Abidjan,888,2029
ce33a199-9148-4dfa-bfc2-9d0febcbbe66,424,Female,26,Asia/Shanghai,872,2182
dee1aa65-9c63-4e6e-83be-a754665f9dbe,189,Other,83,Africa/Johannesburg,9,1317
7a6d8d16-fd02-4e40-b48c-73a02ea846df,533,Male,87,America/Los_Angeles,159,1034
6d0d70a7-4535-4c5c-a8ab-06fd946afc26,993,Female,198,Asia/Karachi,980,1488
d380b63e-0c4b-4352-a8b6-08b581ffb532,484,Female,112,Europe/Berlin,863,1781
e7436f5e-a90e-4fb2-bf42-92a20a751b00,877,Female,106,America/New_York,386,551
fbc8556d-8c19-4701-9a3c-98e55a7d65ae,152,Female,35,Europe/Berlin,890,1882
46c5c04a-cfd9-4fe0-884b-c8a46d451617,764,Female,196,Indian/Antananarivo,151,1488
c89ae325-595a-48a1-8ce2-1c3ac9f1eb01,530,Male,70,Europe/Paris,351,1553
58dba612-a027-46e1-ac3f-3c46a8eb6e8b,812,Other,74,America/Fortaleza,334,940
05087205-e6e4-449a-bb16-b50a66199cff,114,Male,199,Europe/Paris,58,1198
8f384507-e9bc-4d20-9cc4-f867f50d75c8,559,Female,39,Europe/London,610,1134
c6dcff4e-88a3-43a3-b7eb-3986159a2426,282,Male,156,Europe/Paris,931,2075
83d93dc5-cd28-4db1-8d05-15335042c45f,922,Other,45,Europe/Rome,364,622
88e16452-f33a-475a-9fab-a724b4d29486,973,Male,158,Asia/Jakarta,725,1301
6dd2c9af-c857-402a-8e49-af91f39a5e7c,920,Female,164,Asia/Jakarta,910,2220
82e0fb1d-2a52-42dc-a09e-6b3050f39f8f,548,Female,145,Europe/Warsaw,810,1930
f740b4bc-b7ef-4f91-9e98-2aa2db957d04,466,Female,137,Australia/Sydney,564,968
73caa7f0-dd96-4a3e-9163-2eae879d8d45,234,Other,43,America/Havana,308,909
a5ec6fc0-f734-4c9a-996e-6a1b1e22c38e,80,Female,138,Africa/Abidjan,614,820
2881a2f6-3e26-4b63-be8c-093e31e77213,375,Female,194,America/New_York,866,1512
78b955e3-3b09-4da5-8e40-64b793e01eed,931,Female,134,Europe/Istanbul,210,1151
db398d44-9f2e-4fca-88ba-51516a96ecd2,696,Other,118,Asia/Kolkata,531,1421
422ad30a-ad80-4277-b661-834e71a70530,891,Male,153,America/Sao_Paulo,701,860
a993c295-34f8-48f2-b7c4-6b6d1d142449,81,Male,179,Africa/Blantyre,442,600
84b6aaaf-7746-4183-9de3-64cc886d105e,360,Male,46,America/New_York,393,1195
2f308023-005e-4a17-8016-5cbf9b2569da,358,Other,58,Europe/Rome,289,416
6396a554-b9de-4ac2-9547-437f74d540f7,374,Male,32,Asia/Kuala_Lumpur,110,1211
f7e5351f-7714-4e41-adf0-278973c28b28,719,Male,162,Asia/Shanghai,452,1534
c1fc4f86-03d3-4a11-a966-eb4ef19ddfe9,906,Other,142,Asia/Shanghai,732,887
9d496987-c9a4-46cb-b98a-d16741b8c611,667,Female,61,Africa/Tunis,280,861
67a77723-5f66-474e-ba1f-df8644c0ff5e,222,Female,37,Europe/Lisbon,475,1255
e07fc5e0-d134-4ec4-90f7-66fa73cc6774,870,Female,110,Europe/Berlin,854,1450
ad2eb376-a7c1-4779-9ff7-5c128e992d1f,682,Female,17,Asia/Karachi,205,1297
17e91518-ff77-442f-8d5b-14e3a6f6123b,461,Other,36,America/Denver,694,910
0d8e78b9-4868-4bb1-9eda-9572c35f82bb,950,Female,120,Europe/London,519,1941
93ec5513-fe16-4c03-9f87-159e3b517b2e,131,Male,46,America/New_York,363,1261
b7019810-5406-4d6d-af0d-8ab56f040918,855,Male,149,Europe/Istanbul,621,1012
6a2cfb7f-2253-497f-a3bc-8150cb9d7761,885,Male,120,Europe/Berlin,113,236
8b9cfc44-0cc2-4e49-8669-630a269f8cf2,639,Other,179,Europe/Rome,91,833
5c02f2fa-ab6b-49ec-b0d2-6e8e472b2c2a,860,Male,102,America/New_York,451,1406
32aef3b6-9f87-49c9-803b-101edc2aa232,921,Other,142,Asia/Shanghai,929,2080
9d2b251f-f9d4-4724-8487-32f0e4d24536,446,Male,33,Europe/Berlin,856,2259
dc154818-a8bf-436a-a810-4c6d6f3e5df6,614,Male,111,Europe/Prague,630,1178
d6e8e3ef-f114-46e4-a6ff-970a5d78dafd,807,Male,75,Europe/Berlin,385,621
3d9d8fbc-9b37-44f3-9b69-cea95659d544,444,Other,69,America/Caracas,166,409
6d9663a3-7534-42fc-b95f-0fa6bf9bc0fc,552,Female,21,Europe/Madrid,221,1460
0e85414d-c137-41ed-b5bb-795fecda916a,913,Male,178,Asia/Shanghai,161,523
5ef69f43-0848-4755-824c-b51987bbfd6f,271,Male,110,Asia/Tokyo,224,1281
5dbe4a94-a37f-4846-947b-32948c2d508e,267,Female,57,America/Managua,50,643
6b7f21f4-c6ed-4a16-853e-df12580633c6,516,Female,59,America/Sao_Paulo,941,1368
a33149a3-8a4c-44a5-9648-b551c0e2e26c,648,Female,179,America/Boise,797,1194
fc6cb223-7e24-4956-aa25-4ac120eaa542,309,Female,195,Asia/Tokyo,982,1235
216289fe-6dbb-42f3-9d52-82440b13c725,827,Female,192,Europe/Belgrade,35,204
d69f309d-7311-4a64-9ace-0b2ad03b6cc1,665,Female,124,Asia/Kolkata,65,269
155d1abd-c5d2-42dd-b318-9a38e52735cf,280,Female,63,Asia/Kolkata,674,1900
df020601-8d44-428e-bcbc-642792a5216f,573,Male,195,Europe/Prague,919,2359
e7ecf128-a049-4886-aca7-7d6b965bac64,345,Male,114,Europe/Rome,897,1426
950bcc9a-eb54-4a82-888d-e42a2014cc42,918,Other,89,Europe/Amsterdam,561,1258
d0ee196b-5d72-494e-9d74-8eaf8f83a0d8,754,Male,36,Australia/Sydney,618,1732
aad15ed0-a5e9-4f03-bfb4-56d525011db7,251,Female,147,Europe/Prague,941,1467
17f0c311-a34c-4010-8a03-d03c7e4e7206,90,Female,56,America/Port_of_Spain,504,1135
f082d2dd-fca8-472b-9126-bbbf9af7998a,472,Female,31,America/Chicago,322,656
4bfa0643-ee6a-42ce-8e01-fdc8e7031ac5,951,Other,133,Asia/Yekaterinburg,954,2097
186511da-1193-43f9-a5a1-c3c953f5203c,965,Male,155,America/Bogota,388,1850
25002ab7-7410-4137-902b-9d24f80588f1,811,Male,159,Asia/Tokyo,967,2113
24363d45-7f5f-4717-86e3-07b6cbe4ea56,108,Female,118,Europe/Berlin,320,495
8545bbee-2827-43c9-a23c-4f15e3d2f30b,873,Female,101,Europe/Berlin,126,1391
eb8f3507-9684-483e-9dd1-d63a88224508,196,Other,180,America/New_York,56,1335
21ba3b99-b35c-40cb-92d1-2febf823a300,483,Female,146,Asia/Qyzylorda,820,2228
6a9ee479-2c33-40bb-85df-45238a0f1c49,672,Male,158,Asia/Kolkata,982,1633
57cb387d-a8b0-4272-ab29-24a39d270141,370,Other,194,Asia/Kolkata,610,755
d91fd927-168c-4cfc-ad78-100147cdd91a,154,Female,184,Asia/Yekaterinburg,949,1763
a8411b04-39fc-4c71-82ba-1f25722ea1b0,486,Female,158,Asia/Yekaterinburg,797,1343
1bb5e230-1fcc-473a-bc12-c144b40ebd25,170,Other,50,Africa/Lagos,199,1520
727cb55f-4b67-499a-8b90-36fbdab8734c,523,Male,189,America/Los_Angeles,970,2055
7b322ebc-04de-47d7-92d2-54f5a0885322,327,Other,67,Asia/Shanghai,152,455
796867b6-9e7d-4175-98f7-30b16f276dd7,921,Other,112,Asia/Kolkata,632,1612
0dd4faf3-9b29-4076-8a63-581a30809ca2,901,Female,179,Asia/Shanghai,662,1068
eda2848f-b2cc-40d3-bbeb-e8ca64a31ec4,611,Other,57,Europe/Paris,788,1039
2d118a8a-511c-46a0-a34d-2d7e44494b95,77,Other,131,Africa/Algiers,103,368
908107a9-2b54-4e08-8d82-72302af1ff84,570,Female,101,Asia/Kolkata,542,1357
e54c4c77-2249-4497-9221-5dad9fe6b322,135,Female,180,Asia/Kolkata,653,1997
987baf71-6d98-4d03-849d-73c2016a6a20,94,Male,82,Europe/Kyiv,921,1098
bccbb081-4827-4604-a646-aecc0063c23a,59,Male,58,Europe/Amsterdam,123,593
4fdc8464-51a7-486f-967c-b40ccc2db339,664,Other,78,Europe/Rome,873,2196
04d7edc5-8a92-4414-8a06-d75ec154f878,899,Female,23,Europe/Berlin,707,2185
d619e8ec-597f-420e-9b16-21594f474d92,879,Other,50,Europe/London,670,1145
5ef87af7-986e-4912-971e-23bc052e519f,989,Other,137,Europe/Moscow,1,990
371d59ce-8381-4d8b-a684-10af5b970882,116,Other,172,Asia/Tashkent,959,1245
58b91b38-1f64-4a39-a187-9b3417c799ed,187,Other,71,Asia/Shanghai,858,1896
20a93851-1d2a-4257-838a-9719d4e2ec4f,505,Male,135,Europe/London,58,750
2921aa9a-4811-4e8b-884e-1a8d5927c09e,998,Male,104,Europe/London,664,1706
740dcb1e-407e-4fac-afb3-ffd2ea1004ba,582,Female,51,Africa/Cairo,328,965
9ef96f1a-a45d-48f9-9ae4-32773292d90a,867,Female,25,Europe/Paris,853,1128
2d051034-91d0-4be6-b29d-ac141c9c54a5,430,Female,196,Europe/Paris,551,706
1e84b380-edb8-4eec-8d96-5b4a342eec25,766,Other,178,Asia/Shanghai,880,2362
55b0b717-63ab-459e-852d-cefe8ac3aa22,359,Female,105,Europe/Berlin,791,937
a1578157-fbf6-4f9a-8e79-1f1b337d3995,152,Male,190,Asia/Kolkata,909,1386
8989aec5-af86-4420-b3cb-ecdbb2f633ec,118,Other,106,America/New_York,431,996
5695a596-355e-4b28-b626-6f64fca75d19,86,Other,24,Asia/Krasnoyarsk,627,1047
5f9d69ab-6eb3-42df-a289-a757773d7c92,594,Other,100,Africa/Addis_Ababa,960,1081
2a5f8553-628b-47c8-ad20-42ab97322eb2,809,Other,82,Asia/Jerusalem,857,1483
6328bde8-356b-4c09-b823-a1258267e751,217,Female,100,America/Fortaleza,539,808
6461270b-4d31-473a-b190-3259c05ce7fd,491,Female,32,Europe/Moscow,680,2096
d5d657be-8dc9-4c77-b7bf-a623f7a3b437,964,Male,51,Europe/Istanbul,256,1334
653fe9ed-f02b-4bfd-ab20-3fc1c6c16fb6,939,Male,192,America/Bahia,294,639
75e4e5f2-eff7-41c6-9db6-e7a181a9c91c,376,Male,57,Asia/Kolkata,384,583
96823cb7-2003-4ade-b8f4-fa84565c09a6,879,Male,59,Europe/Moscow,26,693
a7f20d49-f3cd-462b-bfd5-4bbc37a6f6b4,185,Other,61,America/Chicago,830,2173
94796ba5-0566-4b99-919e-62a60a3a25ce,816,Other,130,America/Sao_Paulo,911,1783
81c61c1f-648f-4f77-916a-4c95e98ea653,697,Male,97,Europe/Amsterdam,540,677
094caa8c-0128-4628-8e3a-19d5b992ee4a,613,Other,159,Europe/Madrid,322,1334
204ed424-5d3c-4673-a150-d59de791e564,259,Other,169,Europe/Rome,863,1333
e659a8f1-b563-4395-9d9d-595746e96713,865,Female,121,Asia/Kolkata,217,809
22de0dde-46e0-46d5-86df-e42fd678c4c8,836,Female,180,Europe/Berlin,370,1335
72d3d725-4fa4-460e-b49e-71b6d93aa600,546,Male,60,Asia/Tokyo,480,1626
0eb0cdb7-02e8-4a6c-8579-e8817787d578,159,Female,42,Asia/Kolkata,568,1160
4d641427-9894-4bcf-989c-e838cbc96f06,227,Male,160,Europe/Moscow,203,1673
746c1d87-2768-41ed-95c6-a85e5b13f72d,476,Other,48,America/Mexico_City,906,1193
4441f989-bf8d-4a63-a01c-03cacc307cc0,366,Male,135,America/Maceio,285,714
ecce0fb7-5c8d-4837-a7d0-8acd362b1594,913,Other,98,Asia/Manila,717,1919
11f44909-21e9-447d-a9db-21729b07483d,468,Female,105,Asia/Manila,195,472
021c9b84-afdb-4ac3-89f3-100f380c8914,627,Male,108,Asia/Tokyo,827,1785
892ca632-dfcf-4178-834d-244941b55286,310,Male,116,Asia/Manila,681,1154
20b660d2-a47d-4e14-a6c2-f26aa3c2c047,935,Other,93,America/Sao_Paulo,933,2321
c0ee904b-52c8-4a35-b82c-9e7d33ad4e14,488,Female,176,Asia/Shanghai,104,1245
ca2d241c-fd71-4d9f-90a5-6fa4f21e85f3,845,Male,111,Europe/Rome,213,450
179902f4-1f3e-4d2e-97bb-fb2ea64a4b5a,414,Female,150,America/Sao_Paulo,541,776
480565de-527b-4947-b8ca-001cec5988e8,602,Female,163,America/Chicago,698,1683
5a7df88a-ba51-489b-9fea-c8bb8d7f1fab,607,Female,126,Africa/Cairo,876,1857
10f1fc2f-0648-43e3-9e68-bad51ee6d191,812,Other,86,Europe/Amsterdam,389,1631
96e25a2f-48e0-4d5e-9b04-a6eb09ccfbfa,373,Other,94,Europe/Minsk,447,1942
73796b79-7c23-41f7-88ea-56b5eee05cda,494,Male,176,Asia/Kolkata,44,949
5295d30b-052e-4439-96ba-ceeaef85e093,66,Male,123,Asia/Bangkok,85,1200
816f3250-39cf-4ce0-86e7-b2492330a337,285,Female,182,Asia/Kolkata,110,1337
0b9765a6-f8b5-4dbd-9feb-ab0ed09d7fdc,330,Other,44,America/New_York,919,1790
